TAZ,"Less than $30,000","$30,000 to $59,999","$60,000 to $99,999","$100,000 or more"
1,97,182,51,169
2,418,137,127,123
3,368,321,198,371
4,70,75,68,39
5,68,101,244,350
6,42,8,24,158
7,87,81,127,303
8,79,54,129,155
9,91,65,57,191
10,80,57,105,270
11,67,20,34,358
12,90,145,80,264
13,205,153,168,417
14,66,181,105,344
15,22,58,82,274
16,170,238,154,564
17,239,354,293,447
18,284,123,160,163
19,260,169,103,196
20,167,114,143,143
21,126,58,72,219
22,20,117,44,33
23,182,145,23,84
24,154,211,118,92
25,230,195,51,175
26,143,64,153,150
27,54,28,113,391
28,776,120,53,25
29,182,181,96,120
30,52,210,106,177
31,574,33,42,28
32,417,266,0,65
33,483,200,207,116
34,509,89,37,48
35,1270,112,39,0
36,640,132,10,0
37,252,52,69,83
38,87,80,192,624
39,224,58,144,82
40,193,161,173,227
41,42,55,95,113
42,128,133,150,77
43,93,146,45,68
44,364,129,28,21
45,92,98,163,400
46,28,25,94,222
47,36,109,74,222
48,15,75,60,300
49,129,71,75,271
50,118,32,123,337
51,88,32,32,303
52,36,74,44,235
53,88,38,89,204
54,77,57,61,383
55,57,154,69,342
56,119,39,155,338
57,11,120,62,238
58,83,164,133,273
59,57,86,127,375
60,118,98,62,450
61,23,30,85,143
62,21,10,113,281
63,0,69,91,364
64,40,182,83,158
65,188,119,139,522
66,136,108,169,224
67,97,117,177,350
68,51,106,59,220
69,72,40,66,277
70,16,44,24,160
71,158,85,176,86
72,95,81,224,223
73,261,187,138,103
74,22,20,23,190
75,58,87,92,66
76,79,143,280,300
77,9,9,31,44
78,173,66,13,23
79,47,23,7,46
81,51,102,123,424
82,52,104,176,256
83,95,109,113,279
84,0,4,9,26
85,5,20,33,131
86,85,72,101,95
87,147,121,155,243
88,0,104,163,228
89,109,149,107,261
90,132,249,84,170
91,108,285,198,209
92,82,88,128,110
93,170,164,129,98
94,25,75,13,75
95,63,92,32,40
96,133,112,196,46
97,59,107,118,113
98,58,237,111,67
99,51,100,53,108
100,105,171,54,47
101,85,77,136,258
102,13,44,27,120
103,15,26,17,272
104,29,20,25,111
105,16,77,145,168
106,14,24,91,186
107,11,0,40,206
108,0,20,55,249
109,41,20,59,353
110,18,27,61,198
111,55,50,41,151
112,23,49,59,199
114,27,65,111,280
115,27,94,42,70
116,207,98,67,62
117,110,167,194,40
118,125,29,111,297
119,19,114,115,244
120,9,56,23,49
121,98,151,108,63
122,77,31,7,31
123,26,34,126,98
124,46,77,189,264
125,66,87,182,113
126,47,77,124,177
127,36,86,75,170
128,176,50,97,222
129,0,77,34,278
130,92,64,164,429
131,52,112,231,202
132,25,103,76,294
133,41,30,98,122
134,82,194,102,194
135,43,66,36,74
136,76,157,78,76
137,92,75,46,56
138,162,107,102,73
139,52,107,12,113
140,72,83,154,157
141,97,40,18,136
142,20,75,114,224
143,52,69,18,122
144,81,69,93,143
145,58,34,28,118
146,97,119,104,308
147,77,80,116,284
148,16,129,155,244
149,152,74,103,87
150,16,56,53,191
151,69,63,35,180
152,78,139,176,214
153,92,185,64,146
154,212,211,165,243
155,35,89,138,127
156,84,196,112,194
157,48,170,86,116
158,62,86,64,104
159,77,179,49,247
160,41,39,24,130
161,95,0,46,144
162,99,80,82,149
163,53,99,55,233
164,93,46,105,262
165,23,106,66,198
166,48,44,33,262
167,20,111,78,326
168,91,83,166,241
169,81,44,21,127
170,48,7,58,215
171,32,12,11,140
172,113,103,240,98
173,56,156,146,167
174,109,49,171,140
175,50,115,117,161
176,41,49,84,172
177,23,27,104,114
178,37,114,43,210
179,56,56,16,212
180,46,153,69,137
181,156,128,146,187
182,54,113,78,75
183,47,12,92,102
184,17,49,50,154
185,76,217,115,187
186,99,85,39,85
187,108,66,91,76
188,109,24,51,37
189,52,158,29,108
190,119,56,150,260
191,98,147,55,183
192,39,63,36,35
193,70,168,150,217
194,83,238,106,187
195,134,117,307,193
196,106,77,171,220
197,80,157,20,130
198,70,93,58,60
199,45,67,20,80
200,75,76,123,125
201,0,71,103,127
202,28,50,134,101
203,33,83,80,51
204,62,120,53,135
205,73,133,189,142
206,80,21,205,137
207,45,44,27,169
208,50,217,98,79
209,72,73,45,189
210,94,89,168,135
211,31,123,81,84
212,49,54,89,110
213,54,27,71,226
214,88,46,124,181
215,96,56,79,98
216,126,218,45,140
217,152,103,22,195
218,38,63,107,167
219,170,219,111,106
220,97,103,191,173
221,160,85,131,276
222,73,87,87,101
223,67,198,156,226
224,158,151,146,161
225,70,95,65,183
226,47,117,59,253
227,75,113,65,140
228,8,132,24,60
229,24,40,54,151
230,76,68,55,142
231,96,21,66,53
232,92,21,24,74
233,27,68,87,96
234,23,65,38,141
235,38,47,95,73
236,60,149,79,96
237,243,157,88,69
238,201,294,235,179
239,83,125,113,133
240,184,119,171,90
241,168,15,118,210
242,96,96,107,182
243,10,69,164,111
244,187,164,152,331
245,206,111,162,440
246,28,11,27,195
247,46,14,70,259
248,87,170,104,179
249,132,111,91,259
250,216,223,223,251
251,87,199,128,160
252,244,210,127,197
253,62,29,28,255
254,158,47,97,127
255,189,83,207,180
256,297,127,52,158
257,66,75,191,125
258,105,95,117,228
259,103,116,152,173
260,55,29,85,250
261,120,104,189,133
262,190,181,232,126
263,206,123,60,240
264,172,137,104,312
265,82,71,143,162
266,109,34,53,147
267,11,12,86,228
268,27,205,48,186
269,155,71,154,279
270,62,104,87,391
271,190,218,277,551
272,68,68,185,247
273,34,63,115,152
274,63,134,201,472
275,62,83,183,241
276,125,179,223,195
277,122,84,122,315
278,72,77,183,180
279,160,69,110,18
280,71,76,143,260
281,34,88,110,196
282,76,94,98,127
283,53,84,51,230
284,10,52,36,153
285,104,136,109,101
286,81,118,61,391
287,172,208,286,143
288,216,199,235,709
289,18,10,42,66
290,181,19,23,185
291,40,111,68,286
292,195,139,151,53
293,82,121,174,27
294,10,39,39,69
295,36,23,69,68
296,128,63,80,185
297,0,56,10,361
299,48,148,53,92
300,125,0,47,152
301,219,348,546,923
303,46,59,9,136
304,13,56,46,194
305,24,31,23,157
306,73,19,95,344
307,10,44,91,65
308,95,145,149,173
309,48,77,61,86
310,175,96,256,226
311,87,65,44,148
312,351,79,16,19
313,61,97,86,210
314,105,43,179,170
315,99,198,272,209
316,187,139,208,208
317,164,378,144,163
318,101,78,186,240
319,149,91,149,109
320,87,156,54,78
321,226,46,0,0
322,152,4,28,0
323,264,84,111,27
324,655,330,262,381
325,90,129,196,156
326,78,65,168,606
329,107,31,110,433
330,94,107,32,34
331,87,74,166,304
332,35,74,77,249
333,144,49,140,91
334,305,197,173,178
335,356,392,216,141
336,648,378,196,56
337,531,232,176,227
338,844,384,157,137
339,475,369,52,0
340,1093,241,140,36
341,339,28,120,0
342,234,141,356,576
343,185,170,175,259
344,39,52,14,29
345,95,121,75,371
346,104,95,81,143
347,373,175,164,630
349,46,109,118,349
350,137,87,255,377
351,87,131,133,375
352,93,126,77,71
353,54,47,41,277
354,217,128,113,250
355,318,53,50,107
356,397,27,40,78
357,173,113,95,74
358,711,96,54,68
359,57,159,92,145
360,134,188,64,56
361,714,118,88,18
362,803,186,15,25
363,763,46,89,0
364,112,185,380,743
365,61,80,132,525
366,48,107,86,305
367,37,187,165,326
368,85,95,291,304
369,164,88,116,273
370,101,118,111,495
371,45,26,176,373
372,72,143,183,600
373,142,314,208,752
374,89,67,223,452
375,93,96,192,413
376,32,10,19,40
377,346,334,89,174
378,120,154,26,288
379,39,212,207,143
380,292,152,167,260
381,133,107,197,256
382,86,164,80,167
383,103,135,66,141
384,148,226,186,293
385,362,177,149,209
386,70,51,151,363
387,52,53,142,322
388,85,119,162,532
389,473,140,95,385
390,175,173,197,35
391,199,350,164,289
392,299,221,192,342
393,183,213,245,341
394,494,280,180,211
395,253,188,114,40
396,215,97,114,259
397,46,70,63,181
398,164,169,134,223
399,389,100,90,55
400,712,132,49,74
401,73,67,216,747
402,200,103,119,32
403,69,29,5,30
404,85,43,9,13
405,427,190,17,53
406,147,175,88,123
407,258,91,64,249
408,138,78,45,183
409,142,74,98,299
411,59,71,145,267
412,21,32,196,365
413,10,0,56,239
414,125,151,213,329
415,777,14,27,32
416,499,146,48,505
417,132,108,59,290
418,90,83,79,143
419,162,234,256,1168
420,37,141,85,252
421,46,50,53,156
422,44,105,92,469
423,472,353,130,73
424,634,345,281,175
425,904,299,288,119
426,204,56,177,383
427,156,36,41,159
428,47,166,136,474
429,0,29,67,331
430,61,73,213,515
431,183,189,177,458
433,131,14,85,268
434,170,95,57,313
435,59,53,153,322
436,62,123,203,263
437,12,42,39,188
438,49,48,15,476
439,30,41,17,254
440,211,192,224,788
441,0,10,69,253
442,103,81,92,83
443,48,0,23,201
444,31,44,74,301
446,147,276,287,408
447,53,67,92,379
448,103,82,142,571
449,58,69,92,52
450,40,45,122,207
451,92,57,149,0
452,23,159,57,120
453,170,143,160,137
454,80,15,92,201
455,0,119,16,101
456,28,191,62,95
457,106,25,107,112
458,106,147,122,152
459,73,49,113,160
460,19,98,184,148
461,123,96,70,475
462,60,50,132,368
463,45,34,66,231
464,98,59,157,476
465,246,147,153,435
466,277,139,363,390
467,99,74,41,185
468,47,53,12,264
469,124,155,212,334
470,629,192,208,141
471,102,65,149,204
472,135,73,61,173
473,103,87,118,314
474,0,88,40,136
475,119,49,168,233
476,244,190,160,228
477,88,166,100,320
478,91,73,77,30
479,464,161,175,188
480,307,242,192,247
481,80,43,86,198
482,33,30,120,143
483,113,163,87,133
484,94,62,115,130
485,151,62,65,83
486,62,148,113,129
487,85,105,54,123
488,95,81,156,363
489,213,103,200,89
490,65,173,129,196
491,139,143,83,187
492,120,109,204,209
493,144,199,78,127
494,88,184,56,123
495,76,105,70,187
496,29,82,133,323
497,109,45,47,154
498,174,130,112,61
499,134,69,153,171
500,168,45,56,151
501,19,53,132,163
502,111,96,69,165
503,69,99,140,224
504,84,44,101,205
505,57,55,155,133
506,86,64,54,153
507,74,143,120,200
508,27,11,34,60
509,113,69,268,429
510,109,87,128,312
511,334,265,206,256
512,532,121,174,245
513,311,373,399,423
514,330,85,67,87
515,658,69,58,76
516,143,131,68,42
517,482,99,118,85
518,222,125,29,51
519,105,91,97,147
520,156,204,264,417
521,84,158,172,273
522,252,264,197,409
523,62,54,91,288
524,90,173,61,330
525,135,50,173,153
526,249,66,137,152
527,167,155,277,272
528,119,61,89,177
529,50,138,122,214
530,76,203,129,303
531,207,141,171,281
532,151,102,165,308
533,164,195,210,224
534,103,144,102,11
535,238,91,107,67
536,61,171,99,110
537,193,241,108,142
538,245,217,141,164
539,110,170,197,471
540,50,112,130,43
541,62,124,74,242
542,188,129,138,185
543,36,116,102,233
544,158,165,123,228
545,69,167,147,111
546,38,129,189,152
547,116,127,127,258
548,149,67,75,242
549,411,104,28,16
550,847,90,10,44
551,369,193,10,9
553,337,210,69,118
554,8,6,53,71
555,28,60,42,145
556,192,184,186,468
557,92,126,161,336
558,186,165,244,642
559,19,71,44,182
560,33,98,187,310
561,38,68,67,89
562,164,114,84,217
563,279,96,118,180
564,351,238,249,229
565,106,4,32,13
566,1041,179,137,102
567,2,7,6,12
568,0,0,0,0
569,289,136,100,103
570,292,204,222,369
571,41,55,43,219
572,44,40,34,84
573,310,158,136,281
574,225,99,135,541
575,104,124,119,134
576,0,6,0,8
578,1,0,5,16
579,109,162,117,197
581,27,65,29,122
582,2,0,8,24
583,1,0,5,15
584,45,65,34,215
585,14,18,30,119
586,49,45,53,160
588,86,36,6,37
590,34,84,37,156
592,66,71,64,37
593,45,48,43,25
594,44,19,3,19
595,222,111,22,33
597,37,90,40,168
598,47,86,85,112
599,121,98,54,265
600,48,62,51,245
601,31,28,24,59
602,24,21,19,46
603,3,8,7,14
604,3,9,8,16
605,10,3,33,40
606,50,46,54,163
607,63,58,69,208
608,16,50,9,51
609,5,20,43,30
610,0,3,8,21
611,0,23,57,158
612,2,7,12,49
613,3,10,17,66
614,2,6,10,41
615,0,0,2,5
616,1,0,3,10
617,0,0,2,6
618,1,0,4,12
619,1,0,2,7
620,1,0,6,17
621,1,0,5,13
622,221,173,32,95
623,389,95,87,96
624,190,67,14,11
625,12,69,28,61
626,21,125,50,110
627,54,84,60,35
628,106,43,10,43
629,67,89,23,52
630,65,15,16,51
631,24,91,92,165
632,56,37,108,107
633,47,57,78,39
634,119,144,198,99
635,34,29,57,131
636,55,56,89,91
637,59,86,25,104
638,45,42,26,142
639,210,113,101,145
640,190,82,130,22
641,9,29,18,79
642,35,22,91,277
643,52,46,55,258
644,71,64,75,356
645,108,202,78,361
646,136,109,169,225
647,75,57,55,364
648,19,15,137,183
649,0,3,0,4
650,82,34,101,180
100001,82,238,128,416
100002,0,0,0,185
100003,14,0,35,190
100004,79,11,17,367
100005,47,32,31,255
100006,63,140,171,488
100007,161,113,156,671
100008,52,32,34,406
100009,13,35,27,168
100010,108,155,182,664
100011,57,70,209,238
100012,148,199,412,313
100013,86,148,198,188
100014,32,76,94,298
100015,96,245,349,235
100016,57,32,44,187
100017,148,137,63,473
100018,114,139,86,289
100019,205,264,279,125
100020,57,51,90,14
100021,28,137,226,351
100022,68,57,156,150
100023,45,52,35,149
100024,36,66,56,238
100025,119,182,116,145
100027,36,110,239,153
100028,0,0,10,215
100029,41,0,33,244
100030,52,25,39,210
100031,26,68,55,219
100032,305,327,468,658
100034,91,127,200,677
100035,77,97,108,695
100036,65,81,171,434
100037,20,58,62,205
100038,12,38,108,272
100039,34,36,46,138
100040,228,295,241,329
100041,131,220,205,176
100042,167,125,184,140
100043,117,252,204,116
100044,21,111,89,201
100045,110,85,80,241
100046,259,297,262,235
100047,87,46,96,195
100048,36,152,147,690
100049,52,133,83,85
100050,25,106,83,102
100051,54,109,95,241
100052,301,326,338,754
100056,48,103,182,58
100057,35,55,94,92
100059,166,141,218,372
100061,25,60,141,342
100062,96,95,114,546
100063,250,190,155,204
100064,188,248,249,249
100065,105,190,127,316
100066,14,51,94,216
100067,25,26,70,111
100068,53,136,135,250
100069,117,232,155,116
100070,133,135,199,167
100071,212,334,423,771
100072,15,15,21,192
100073,154,204,93,530
100074,163,99,191,373
100075,84,40,64,128
100076,33,120,56,41
100077,122,103,176,105
100078,560,779,425,239
100081,84,140,229,232
100082,31,43,112,254
100083,110,28,285,107
100084,137,104,229,301
100085,50,15,99,201
100086,29,46,62,558
100087,0,39,92,212
100088,0,55,41,258
100089,49,54,110,189
100090,36,35,33,178
100091,57,80,104,181
100092,140,88,176,250
100093,80,98,106,111
100094,46,86,43,227
100095,101,185,159,273
100096,11,76,80,172
100097,147,175,208,873
100098,74,54,98,282
100099,142,152,119,236
100100,10,28,66,169
100101,169,182,252,464
100102,0,86,31,126
100103,41,60,126,161
100104,20,40,78,131
100105,141,99,137,96
100106,124,428,330,279
100107,53,34,52,223
100108,7,25,114,297
100109,102,65,149,147
100110,14,111,238,244
100111,29,145,341,257
100113,85,43,110,277
100114,50,25,53,242
100115,23,68,97,229
100116,23,0,0,296
100117,204,300,453,211
100118,82,203,81,62
100119,165,139,140,154
100120,72,92,91,53
100121,138,68,71,69
100122,61,55,44,115
100123,100,345,189,663
100124,48,110,151,302
100125,251,291,242,300
100126,36,55,139,416
100128,22,21,62,230
100129,74,60,169,249
100130,86,101,171,265
100131,62,16,22,151
100132,166,204,203,174
100133,45,95,37,220
100134,53,144,107,136
100135,201,201,238,128
100136,110,120,108,234
100137,92,86,153,454
100138,43,58,103,241
100139,128,297,341,360
100140,117,80,203,320
100141,12,28,0,209
100142,56,72,62,205
100143,34,10,80,324
100144,73,87,68,127
100145,314,201,166,187
100146,139,130,170,153
100147,137,98,101,67
100148,109,144,180,126
100149,82,100,60,139
100150,148,189,146,56
100151,123,34,217,326
100152,92,68,52,531
100153,194,121,194,467
100154,76,105,89,330
100155,261,102,161,142
100156,214,124,229,256
100157,56,48,39,159
100158,133,270,331,686
100162,206,399,444,320
100163,97,212,183,217
100164,70,52,50,106
100165,124,26,85,191
100166,47,180,170,224
100167,48,121,174,207
100168,73,27,89,45
100169,69,84,147,250
100170,40,0,59,162
100171,90,193,174,429
100172,0,8,89,158
100173,68,85,203,138
100174,99,20,114,207
100176,34,101,33,274
100177,82,43,146,448
100178,77,194,238,1051
100180,188,115,467,702
100181,18,14,145,202
100182,86,40,83,435
100183,37,13,145,345
100184,47,51,98,170
100185,10,96,7,112
100186,79,111,126,294
100187,51,40,132,176
100188,18,120,103,174
100189,156,312,417,823
100191,99,309,127,209
100192,137,184,198,168
100193,80,100,208,207
100194,77,59,83,173
100195,44,249,257,187
100196,12,33,68,61
100197,384,394,455,101
100199,99,153,168,331
100201,127,120,228,305
100202,21,112,31,166
100203,28,0,46,80
100204,355,491,293,262
100206,65,344,197,192
100207,58,44,41,113
100211,20,272,134,691
100212,44,58,60,429
100213,123,142,359,653
100214,76,146,400,703
100215,156,48,93,359
100216,190,351,399,407
100217,117,180,173,342
100218,143,62,175,45
100219,96,55,72,277
100220,10,32,77,232
100221,36,124,74,217
100222,169,359,350,327
100223,278,180,226,917
100224,278,362,749,651
100226,14,35,92,176
100227,33,83,90,84
100228,66,91,111,211
100230,36,86,124,267
100231,173,129,233,68
100232,259,168,289,353
100233,194,125,72,156
100234,375,162,155,282
100235,84,129,227,541
100236,201,59,100,182
100237,60,26,89,384
100238,16,27,101,191
100239,13,98,31,184
100240,70,47,53,252
100241,18,8,26,387
100242,0,0,15,349
100243,80,75,67,279
100244,3,33,22,194
100245,26,40,22,301
100246,722,849,414,282
100248,70,116,51,422
100249,38,97,151,768
100250,20,54,28,141
100251,164,227,235,363
100252,53,14,50,487
100254,84,37,189,290
100255,23,92,40,348
100257,35,118,119,183
100258,169,117,208,281
100259,61,51,152,332
100260,103,398,369,290
100261,97,191,387,481
100262,35,63,83,145
100263,59,97,75,394
100264,46,51,197,198
100265,205,586,663,390
100266,145,224,315,412
100267,160,162,348,395
100268,70,29,67,165
100270,35,135,105,242
100271,13,49,96,172
100272,95,48,84,83
100273,42,120,152,228
100274,55,63,127,284
100275,44,51,114,507
100276,12,70,36,221
100277,31,24,137,227
100278,33,0,86,310
100279,112,123,105,153
100280,118,182,61,100
100281,21,9,34,325
100282,67,114,180,166
100283,27,172,103,273
100284,117,105,111,155
100285,38,30,41,142
100286,106,101,139,271
100287,88,145,83,208
100288,201,126,266,108
100289,44,65,9,11
100290,345,145,100,103
100291,173,281,198,483
100292,70,272,222,294
100293,77,241,391,599
100294,34,38,45,370
100296,119,93,140,176
100297,193,180,79,142
100298,86,202,128,138
100299,256,177,193,222
100300,130,152,100,402
100301,95,204,199,193
100303,83,227,255,292
100304,231,295,450,440
100305,48,25,50,162
100306,53,177,192,733
100307,43,11,70,662
100308,19,70,34,414
100309,35,14,57,311
100310,33,129,70,379
100311,75,147,245,830
100313,48,38,11,517
100314,67,101,172,284
100315,114,127,151,76
100317,45,122,35,23
100318,33,146,148,83
100319,161,263,101,40
100320,282,83,87,122
100322,41,131,147,169
100323,0,62,74,217
100324,233,84,184,208
100325,0,69,31,242
100326,42,46,20,126
100327,17,63,52,232
100328,106,55,109,173
100329,85,126,109,276
100330,40,107,51,199
100331,23,75,48,135
100332,24,33,72,55
100333,45,41,109,250
100334,85,125,128,341
100335,19,64,82,190
100336,192,396,303,252
100337,348,325,136,81
100338,216,131,256,293
100339,66,12,286,620
100340,28,152,198,900
100341,126,179,248,204
100342,124,298,195,562
100343,247,289,269,136
100344,0,78,48,312
100345,34,48,108,117
100346,97,168,170,760
100347,85,206,112,68
100348,29,117,121,292
100349,17,44,37,415
100350,46,38,140,332
100351,23,30,122,692
100352,42,85,107,281
100353,51,92,164,342
100354,95,139,232,614
100356,0,43,104,134
100357,53,44,117,109
100360,279,115,186,329
100361,124,81,120,273
100362,91,395,235,191
100363,224,86,26,138
100365,46,73,129,432
100368,66,93,37,71
100369,74,46,54,444
100370,162,250,94,28
100371,11,24,37,202
100372,105,95,143,413
100373,20,59,43,137
100374,101,93,118,144
100375,57,38,205,327
100376,105,169,112,287
100379,28,21,56,236
100380,88,162,140,314
100381,82,217,352,244
100382,54,108,132,169
100383,90,112,124,241
100384,193,138,230,332
100385,49,122,99,282
100386,209,112,136,123
100387,0,0,0,0
100388,120,58,88,21
100389,54,312,85,44
100390,97,101,18,0
100391,112,467,142,111
100392,75,63,136,207
100393,27,108,204,298
100394,100,189,132,71
100395,171,184,194,429
100396,43,109,92,224
100398,62,58,100,216
100399,154,151,58,36
100401,89,67,25,20
100402,86,154,86,30
100405,10,0,89,471
100407,39,134,90,416
100409,133,84,202,55
100410,73,59,140,73
100412,136,293,79,126
100413,111,102,70,8
100416,41,141,43,148
100417,37,135,223,309
100418,70,15,124,135
100419,64,62,111,60
100420,89,73,65,204
100421,77,150,136,373
100422,71,107,264,385
100423,216,436,176,852
100425,53,184,173,349
100426,1,3,4,4
100428,30,55,109,330
100429,59,43,47,212
100430,15,41,28,631
100432,147,173,114,320
100433,14,56,42,341
100434,91,82,195,236
100435,99,89,152,363
100436,0,53,33,174
100437,46,34,98,228
100438,49,51,137,428
100439,46,101,99,355
100440,46,53,55,279
100441,207,133,326,172
100442,288,253,172,169
100443,250,207,170,66
100444,117,70,84,38
100445,253,191,222,155
100446,230,173,140,56
100447,103,250,297,376
100448,64,132,69,98
100449,58,98,97,206
100450,56,55,80,158
100451,34,108,100,198
100452,235,166,297,541
100453,93,105,194,440
100454,124,173,121,466
100455,99,163,138,51
100458,58,102,312,534
100459,60,115,201,311
100461,18,117,36,67
100462,103,88,87,167
100463,13,17,23,139
100464,60,91,58,73
100465,89,136,87,108
100466,40,98,248,80
100467,81,45,19,51
200002,225,86,270,144
200003,410,571,489,552
200004,171,189,220,148
200005,13,19,114,412
200006,53,54,96,241
200007,294,271,496,1548
200008,218,275,178,274
200009,225,196,189,561
200010,168,177,259,385
200011,231,95,166,291
200012,77,172,58,258
200013,74,107,254,477
200014,193,339,663,627
200015,169,244,180,218
200016,95,245,207,697
200017,49,59,35,242
200018,129,69,117,189
200019,60,107,94,183
200020,137,196,289,79
200021,417,258,376,268
200022,102,168,66,389
200023,99,65,103,184
200024,83,62,317,252
200025,105,114,68,477
200026,68,45,180,257
200027,59,18,91,326
200028,51,26,33,424
200029,371,410,194,152
200030,54,108,96,166
200031,30,65,74,70
200032,126,153,126,268
200033,371,261,393,418
200034,144,145,393,199
200035,226,173,146,331
200036,125,50,110,641
200037,58,45,51,104
200038,49,66,24,330
200039,111,215,60,93
200040,21,37,152,301
200042,12,25,37,159
200043,462,418,481,980
200044,185,332,379,883
200045,13,45,68,559
200046,89,58,41,349
200047,67,91,156,428
200048,33,35,47,228
200050,93,115,107,98
200051,137,53,49,75
200052,803,544,83,118
200053,26,195,440,454
200054,38,44,114,126
200056,124,57,13,35
200057,51,167,111,100
200058,55,179,205,426
200059,183,158,305,349
200060,103,154,32,66
200061,10,63,45,379
200062,106,156,125,1044
200063,268,217,200,535
200065,64,27,147,176
200066,291,363,333,466
200067,115,175,154,262
200068,99,127,125,209
200069,35,38,129,443
200070,96,268,280,556
200071,164,115,25,84
200072,42,62,53,195
200074,11,81,69,56
200075,291,123,228,149
200076,152,106,100,73
200077,45,64,81,368
200078,30,37,40,282
200079,0,31,113,149
200080,25,142,196,399
200081,118,187,69,159
200082,68,15,110,243
200084,20,92,147,412
200085,14,53,108,152
200086,47,151,93,365
200087,52,114,82,384
200088,74,159,274,567
200089,178,420,279,362
200090,110,233,260,346
200091,127,189,289,469
200092,45,174,366,780
200093,0,30,20,191
200094,575,513,348,208
200095,14,64,220,275
200097,73,13,316,362
200098,82,135,181,159
200099,63,57,121,580
200100,36,67,106,331
200101,210,18,80,485
200102,525,228,126,197
200103,59,82,23,65
200104,0,8,34,150
200105,104,9,106,47
200106,0,0,42,31
200107,0,0,11,249
200108,45,73,65,127
200109,131,90,292,322
200110,365,237,309,404
200111,227,312,136,74
200112,11,42,35,94
200113,76,151,149,29
200114,50,39,89,92
200115,126,720,486,516
200116,152,67,45,109
200117,64,73,27,13
200118,220,121,121,290
200119,123,23,80,4
200120,69,82,86,48
200121,0,0,59,133
200122,106,54,326,378
200123,11,18,0,530
200124,108,127,240,434
200125,140,39,101,130
200126,115,78,99,138
200127,119,22,60,665
200128,142,68,69,8
200130,73,18,18,81
200131,274,138,382,405
200132,0,48,45,88
200133,80,113,96,341
200134,135,174,207,614
200135,11,54,36,459
200136,25,68,88,48
200137,79,104,29,140
200138,83,126,190,75
200139,49,131,72,44
200140,45,45,33,158
200141,8,11,74,91
200142,65,51,132,46
200143,121,103,50,106
200144,0,15,9,72
200145,190,153,104,114
200146,262,200,121,157
200147,61,67,38,223
200148,0,50,74,199
200149,36,54,203,452
200150,40,42,64,312
200151,138,311,352,839
200152,84,191,413,1333
200153,0,27,82,328
200154,67,25,76,1093
200155,0,26,149,751
200156,82,145,168,318
200157,176,195,131,355
200158,4,7,46,8
200159,125,128,195,384
200160,93,50,6,94
200161,127,79,92,155
200162,116,27,41,159
200164,43,129,183,682
200165,255,282,257,89
200166,241,113,70,11
200167,184,134,87,84
200168,393,182,178,170
200169,169,60,40,12
200170,445,226,115,37
200171,75,170,188,163
200172,189,211,151,95
200173,271,232,198,103
200174,51,102,53,43
200177,182,143,93,400
200178,139,76,200,139
200179,214,72,70,73
200180,76,189,43,84
200181,140,161,65,184
200182,394,68,18,18
200183,126,31,132,456
200184,95,246,284,368
200185,40,23,68,39
200186,36,151,106,109
200187,11,36,13,72
200188,340,231,631,117
200189,300,211,125,95
200190,18,79,91,240
200191,190,267,158,89
200192,870,712,441,302
200193,89,60,123,166
200194,65,101,97,326
200195,60,0,145,518
200196,41,148,176,153
200197,19,63,93,128
200198,230,125,211,97
200199,125,55,69,257
200200,188,82,163,175
200201,60,156,113,378
200202,41,41,155,408
200203,52,88,78,194
200204,151,176,294,278
200205,101,179,113,332
200206,55,78,96,113
200207,24,148,130,249
200208,145,55,170,186
200209,36,30,129,28
200210,22,0,23,269
200211,71,144,111,240
200212,35,127,234,139
200213,42,58,83,227
200214,201,304,101,100
200215,49,0,39,251
200216,154,66,288,364
200217,226,126,120,52
200219,68,88,261,611
200220,0,0,0,0
200221,79,108,80,52
200222,96,106,56,177
200223,135,219,165,199
200224,195,182,598,1312
200225,0,0,0,0
200226,84,122,173,146
200227,55,49,36,578
200228,33,31,62,0
200229,0,29,37,0
200230,32,121,131,168
200231,16,37,66,341
200232,76,33,24,116
200233,157,90,259,263
200234,29,114,101,438
200235,0,12,18,167
200236,60,45,179,476
200237,85,24,59,148
200238,83,96,79,291
200240,69,11,18,46
200241,205,116,85,58
200242,241,379,239,296
200243,302,234,389,560
200244,95,103,45,77
200245,215,203,76,77
200246,143,150,123,432
200247,190,126,102,252
200248,159,308,191,707
200249,42,57,126,243
200250,46,20,41,254
200251,0,9,57,250
200253,112,24,90,47
200254,12,85,103,511
200255,7,18,31,221
200256,45,50,178,448
200257,70,167,206,169
200258,82,46,8,62
200259,155,81,25,242
200260,85,64,114,427
200261,14,2,25,276
200262,57,69,32,263
200263,56,109,184,964
200264,16,15,29,326
200265,62,70,0,322
200266,13,59,98,307
200267,26,39,31,290
200268,77,64,103,423
200269,19,99,71,514
200270,63,55,40,120
200271,28,44,95,247
200272,21,69,155,743
200273,53,164,311,453
200274,96,64,119,172
200275,169,57,94,323
200276,85,39,73,190
200277,60,119,221,566
200278,75,77,73,236
200279,99,265,197,324
200280,33,123,129,156
200281,106,62,73,91
200282,70,155,201,141
200283,71,96,147,523
200284,48,82,108,498
200285,95,229,156,325
200286,114,139,178,472
200287,72,132,196,492
200289,54,54,50,405
200290,69,85,98,421
200292,50,53,99,376
200293,30,168,274,272
200294,20,53,52,399
200295,22,22,66,225
200296,28,73,39,520
200297,198,79,268,441
200298,95,40,131,444
200299,77,15,77,283
200300,57,47,121,154
200301,38,76,24,76
200302,407,334,287,133
200303,188,48,0,79
200304,133,75,72,38
200305,50,89,123,835
200306,84,26,71,877
200307,72,197,229,429
200308,270,187,199,63
200309,106,34,96,0
200310,185,115,58,41
200311,29,169,180,125
200312,254,263,161,160
200313,21,12,38,214
200314,22,68,82,260
200315,61,88,59,178
200316,80,107,37,543
200317,0,110,60,415
200318,36,12,121,330
200319,13,27,47,218
200320,273,244,636,841
200321,140,210,149,227
200322,142,73,39,175
200323,62,90,94,126
200324,158,89,11,66
200325,169,90,92,336
200326,212,180,134,217
200327,48,78,27,276
200328,63,48,49,93
200329,0,13,45,33
200330,34,25,38,219
200331,10,113,75,576
200332,152,85,130,136
200333,139,170,130,623
200334,71,133,257,303
200335,76,19,123,705
200336,117,49,200,371
200337,12,27,50,195
200338,76,199,32,93
200339,39,169,139,231
200340,104,251,274,134
200341,220,158,176,62
200342,33,277,219,302
200344,82,77,62,230
200345,48,49,103,128
200346,5,77,110,164
200347,46,38,41,199
200348,127,276,182,227
200349,62,134,142,331
200350,133,93,60,526
200351,32,23,87,98
200352,10,60,162,359
200353,66,253,111,382
200354,168,292,210,255
200355,334,169,123,282
200356,65,14,37,158
200357,181,215,198,249
200358,102,80,102,300
200359,77,59,51,141
200360,43,40,27,139
200361,102,124,134,344
200362,215,149,114,269
200363,39,79,153,108
200364,87,75,30,68
200365,151,231,101,31
200366,129,66,81,0
200367,208,86,115,52
200368,170,208,337,102
200369,19,59,80,0
200371,18,17,8,224
200374,293,463,285,596
200375,14,27,62,273
200376,133,119,234,412
200377,201,216,227,781
200378,15,14,11,165
200379,68,38,41,122
200380,0,26,91,161
200381,310,152,96,260
200382,0,38,75,107
200383,109,129,150,146
200384,95,89,244,239
200385,74,53,42,116
200386,17,100,48,122
200387,36,85,25,190
200388,52,89,51,295
200389,105,182,33,322
200390,99,228,107,287
200391,63,40,113,600
200392,212,172,49,216
200393,20,32,51,497
200394,53,90,125,86
200395,20,120,106,63
200396,79,143,126,124
200397,204,32,95,184
200398,175,162,202,85
200399,0,169,86,94
200400,40,26,194,189
200401,58,41,47,192
200402,15,34,29,167
200403,123,86,94,229
200404,29,61,64,252
200405,64,76,30,263
200406,32,31,145,139
200407,27,13,68,433
200408,9,53,48,273
200409,30,26,48,249
200410,18,44,41,263
200411,165,228,181,349
200412,322,235,202,111
200413,27,46,52,242
200415,117,113,44,216
200416,75,177,127,265
200419,149,131,159,610
200420,101,161,108,533
200421,17,0,65,445
200422,33,103,279,257
200423,159,226,259,302
200424,51,164,133,141
200425,26,66,88,144
200426,74,80,99,139
200427,80,63,145,208
200428,159,234,133,707
200429,349,228,223,149
200430,166,107,136,406
200431,74,82,137,270
200432,160,103,133,345
200433,81,26,13,106
200434,111,75,64,168
200435,5,14,40,110
200436,21,30,42,424
200437,37,10,52,363
200438,90,27,114,395
200439,73,53,99,370
200440,66,172,154,555
200441,26,15,93,167
200442,46,84,173,345
200443,19,86,95,227
200444,191,222,150,305
200445,133,151,96,102
200446,182,93,96,25
200447,106,80,155,91
200448,87,164,38,46
200449,42,52,130,182
200450,61,132,109,154
200451,100,247,287,556
200452,13,34,67,146
200453,103,126,206,254
200454,13,79,37,193
200455,11,33,57,299
200456,13,77,16,142
200457,65,28,43,148
200458,73,85,116,298
200459,17,39,62,162
200460,23,70,94,296
200461,62,52,112,171
200462,32,73,100,319
200463,106,120,153,334
200464,202,288,263,229
200465,27,66,169,624
200466,75,153,126,82
200467,57,93,119,422
200468,10,44,46,302
200469,159,103,141,323
200470,105,157,88,221
200471,145,123,146,154
200472,65,175,318,359
200473,202,291,275,315
200474,124,244,197,358
200475,39,61,113,151
200476,104,178,164,58
200477,14,39,87,319
200478,58,93,77,77
200479,19,148,82,147
200480,99,104,82,126
200481,75,297,195,145
200482,101,106,73,232
200484,83,140,48,51
200485,178,92,98,304
200486,441,417,404,2082
200487,49,29,36,94
200488,26,55,109,178
200489,144,159,222,399
200490,26,81,106,268
200491,52,119,156,294
200493,141,65,137,227
200494,0,79,31,300
200495,99,73,99,206
200496,99,73,79,106
200497,248,232,312,350
200498,203,145,164,93
200500,0,0,80,175
200501,189,107,134,245
200503,328,309,577,1172
200505,74,216,27,123
200506,69,67,106,120
200507,75,69,49,269
200508,187,58,257,168
200509,59,12,32,401
200510,89,88,77,121
200511,255,198,249,159
200512,293,54,70,142
200513,143,62,103,395
200514,66,72,63,120
200515,56,11,25,176
200516,73,63,47,566
200517,74,48,60,265
200518,23,121,79,160
200519,199,202,110,143
200520,58,53,146,22
200521,107,41,233,391
200522,9,54,112,287
200523,13,15,34,170
200524,42,81,141,248
200525,228,277,156,238
200526,45,67,23,424
200527,93,98,123,250
200528,54,87,38,80
200529,9,44,43,380
200530,0,74,26,238
200531,96,75,180,379
200532,59,86,94,348
200533,56,116,117,268
200534,21,68,75,214
200535,237,329,32,10
200536,41,73,233,287
200537,64,71,81,223
200538,128,38,95,263
200540,43,43,81,421
200541,4,34,73,156
200542,102,52,75,236
200543,97,112,23,42
200544,13,94,62,19
200545,92,227,46,46
200546,75,85,72,42
200547,44,125,56,116
200548,43,99,154,77
200550,156,126,148,206
200551,0,19,109,189
200553,83,95,116,264
200554,187,215,239,179
200555,18,284,231,53
200556,86,108,132,293
200557,54,23,64,243
200558,38,16,151,114
200559,226,104,58,160
200560,27,28,109,354
200561,15,69,58,142
200562,127,118,167,245
200563,150,106,104,313
200564,85,188,114,251
200565,258,291,264,235
200566,42,90,30,120
200567,50,0,96,238
200568,39,149,107,129
200569,13,105,89,335
200570,81,59,89,93
200571,80,101,79,115
200572,39,45,142,257
200573,14,52,36,138
200574,46,19,93,342
200575,166,126,217,227
200576,30,78,62,263
200577,235,213,507,491
200578,36,112,170,339
200579,26,78,124,169
200580,14,41,104,258
200581,23,160,240,202
200582,117,82,114,495
200583,26,22,193,167
200584,116,216,144,298
200585,131,167,141,195
200586,37,59,111,274
200587,140,119,176,254
200588,11,62,83,44
200589,876,448,489,596
200590,128,49,128,288
200593,11,73,92,178
200595,45,82,91,316
200596,53,48,74,229
200597,119,34,177,216
200598,65,170,184,343
200599,116,80,129,131
200600,85,93,219,258
200601,30,80,70,115
200602,30,83,111,211
200603,117,164,89,155
200604,246,345,203,304
200605,154,49,204,87
200606,378,711,914,1087
200607,70,71,166,120
200608,58,142,213,86
200609,52,115,96,161
200610,146,84,248,271
200611,50,89,100,116
200612,40,31,62,311
200613,102,42,51,112
200614,140,148,288,413
200615,132,74,63,31
200616,22,77,123,774
200617,0,15,109,265
200618,138,269,99,15
200619,121,41,55,119
200620,0,32,40,318
200621,138,125,94,444
200622,236,86,361,547
200623,104,140,256,515
200624,55,98,247,254
200625,94,204,270,538
200626,159,90,98,133
200627,33,33,39,266
200628,7,40,61,178
200630,46,131,301,307
200631,16,77,51,223
200632,43,9,94,224
200633,15,33,96,174
200634,28,39,85,203
200635,50,137,160,323
200636,53,42,81,46
200637,305,348,258,110
200638,187,170,91,153
200639,163,154,262,361
200641,99,214,179,247
200642,332,276,235,591
200643,116,207,196,110
200645,63,69,196,381
200646,60,60,169,356
200647,41,30,49,252
200648,33,52,170,321
200649,65,94,175,314
200650,194,272,225,290
200651,14,86,223,211
200652,98,84,136,475
200653,105,36,90,136
200654,228,187,122,93
200656,158,118,227,406
200657,64,49,51,577
200658,112,88,192,432
200659,45,164,166,383
200660,110,25,176,265
200661,63,84,31,260
200662,46,155,254,1019
200663,177,28,126,227
200664,32,158,67,72
200665,168,288,277,372
200666,195,310,213,221
200667,131,186,116,71
200668,137,189,101,254
200669,94,97,26,221
200670,24,167,137,118
200671,138,214,303,155
200672,82,66,26,224
200673,76,124,179,499
200675,0,34,65,247
200676,536,361,377,444
200677,0,112,28,124
200678,27,93,84,250
200679,187,166,531,817
200680,31,86,114,387
200681,67,133,168,285
200682,12,69,173,275
200683,0,37,120,233
200684,38,91,285,267
200685,42,31,15,342
200686,12,19,32,505
200687,70,127,70,393
200688,22,49,63,281
200689,95,28,46,299
200690,44,28,147,72
200692,13,50,66,239
200693,10,45,144,200
200694,72,120,102,202
200695,19,150,79,92
200696,133,106,107,141
200697,56,46,45,97
200698,92,217,139,134
200699,83,102,93,326
200700,181,160,173,349
200702,77,173,250,372
200703,109,168,218,321
200705,36,0,124,327
200706,120,254,61,39
200707,56,81,90,222
200708,239,228,269,306
200709,194,264,156,73
200710,402,360,144,133
200711,86,74,54,126
200712,28,125,118,218
200713,207,158,51,63
200714,170,180,153,290
200715,308,117,156,147
200716,28,67,74,37
200718,18,43,153,269
200720,35,63,107,201
200721,26,63,26,345
200722,0,33,50,433
200723,100,125,102,648
200724,95,40,8,213
200725,0,27,37,198
200726,58,80,122,168
200727,9,22,44,172
200730,57,42,115,254
200731,150,132,126,176
200732,44,71,112,343
200733,0,60,130,79
200734,86,24,82,608
200735,23,92,150,307
200736,52,88,94,190
200737,65,35,59,166
200738,63,213,205,275
200739,30,33,30,301
200740,103,28,67,312
200741,83,48,94,366
200743,74,121,122,643
200744,49,10,59,383
200745,42,100,121,190
200747,80,109,137,131
200748,140,172,283,167
200750,92,45,56,60
200751,130,121,72,197
200752,54,101,246,368
200753,0,37,46,183
200754,96,174,99,182
200755,102,66,35,90
200756,122,60,31,29
200757,207,112,61,107
200758,261,223,209,371
200759,199,158,125,196
200760,51,71,123,161
200762,61,8,23,60
200763,37,59,143,187
200764,195,160,64,51
200765,13,33,49,263
200766,64,103,76,414
200767,37,46,79,329
200768,31,77,85,64
200769,47,32,106,504
200770,77,62,57,99
200771,286,260,376,755
200773,6,88,62,147
200774,100,24,161,458
200775,63,67,118,385
200776,37,110,149,317
200777,27,58,45,253
200778,58,74,185,535
200779,38,179,71,282
200780,113,175,345,203
200781,22,220,201,183
200782,197,202,536,291
200783,93,148,208,116
200784,27,176,229,112
200785,161,139,91,279
200786,20,51,42,245
200788,181,71,149,204
200790,0,32,13,199
200791,0,40,22,417
200792,56,22,61,175
200793,152,205,194,274
200794,11,42,42,125
200796,67,133,102,66
200797,48,61,134,94
200798,244,301,329,205
200799,39,16,31,118
200800,161,237,120,123
200801,103,93,86,84
200802,22,38,98,126
200803,18,72,92,136
200804,73,33,154,160
200805,36,26,130,247
200806,100,55,94,213
200807,0,127,275,430
200808,347,259,234,384
200809,70,62,56,0
200810,182,74,80,35
200811,286,65,57,204
200812,421,193,9,40
200813,41,69,48,0
200814,100,110,101,33
200815,272,118,97,165
200816,109,111,147,163
200817,78,70,140,14
200818,23,25,122,93
200819,206,95,86,314
200821,42,0,96,239
200822,12,111,29,299
200823,94,85,192,368
200824,67,119,224,202
200825,43,91,20,105
200827,79,127,235,733
200829,50,47,85,289
200830,16,108,62,152
200831,353,292,450,163
200832,30,60,80,143
200833,195,258,427,419
200834,108,279,162,174
200835,33,60,128,230
200836,109,47,144,269
200837,124,119,209,228
200838,15,57,98,162
200839,253,167,270,64
200840,341,150,45,134
200841,37,205,122,536
200842,30,105,89,158
200843,59,200,325,232
200844,117,26,156,463
200845,0,0,79,191
200846,132,121,183,452
200847,21,104,121,275
200848,424,379,309,366
200849,109,306,150,132
200850,72,39,127,66
200851,48,25,24,122
200852,40,60,196,236
200853,102,191,142,46
200854,133,251,413,126
200855,92,18,48,92
200856,32,57,45,134
200857,14,46,72,332
200858,46,13,83,267
200859,129,125,142,100
200860,9,78,60,232
200861,88,113,117,525
200862,106,145,74,285
200863,177,119,107,123
200864,58,78,140,73
200865,2,10,53,180
200866,46,11,62,83
200867,257,116,8,33
200868,49,101,98,26
200869,309,175,205,187
200870,112,84,97,68
200871,294,289,84,52
200872,34,16,77,521
200874,120,204,115,171
200875,123,84,59,463
200876,46,61,87,196
200877,32,25,20,195
200878,46,118,170,269
200879,11,34,18,8
200881,11,30,30,144
200883,11,199,325,753
200884,79,171,227,242
200885,132,114,271,402
200886,170,63,68,86
200887,79,115,144,249
200888,96,92,278,140
200889,28,41,146,259
200890,203,172,214,190
200893,195,125,192,419
200894,110,251,317,322
200895,102,70,113,322
200896,59,87,224,604
200897,67,82,96,208
200898,82,54,91,82
200899,177,212,112,78
200900,345,206,286,199
200901,205,290,114,137
200902,234,96,144,129
200903,126,119,139,600
200904,230,95,137,154
200905,0,0,0,0
200906,42,151,100,187
200907,112,205,100,260
200908,150,150,98,85
200909,461,226,152,30
200910,73,126,150,300
200911,24,11,87,245
200912,121,144,63,10
200913,103,23,114,237
200914,221,158,23,16
200915,157,51,47,50
200916,148,88,93,55
200917,159,70,88,214
200919,385,239,193,423
200920,313,52,52,20
200921,43,63,177,166
200922,84,63,111,479
200925,97,218,270,245
200926,109,134,27,497
200927,43,60,81,182
200928,47,62,78,344
200929,99,75,140,132
200930,215,300,401,1008
200932,95,134,215,137
200933,0,18,9,46
200934,151,85,125,155
200935,39,8,41,608
200936,97,89,162,327
200938,64,14,77,215
200939,56,113,181,292
200940,95,169,208,209
200941,36,69,128,170
200942,72,77,108,145
200943,110,94,78,367
200944,43,46,71,80
200945,74,141,57,165
200946,89,66,90,159
200947,253,91,49,197
200948,11,9,53,250
200949,110,134,330,565
200951,5,15,85,92
200953,154,113,167,371
200954,41,49,74,65
200955,34,18,88,158
200956,140,116,101,247
200957,76,36,51,196
200958,32,57,20,331
200959,20,15,47,158
200960,14,9,17,267
200961,23,20,25,328
200964,68,63,98,225
200966,76,47,31,196
200967,62,33,70,54
200968,60,20,93,363
200969,33,186,89,9
200970,53,24,172,340
200971,50,132,201,374
200972,79,160,71,180
200973,39,90,42,165
200974,21,71,26,207
200975,222,133,74,44
200976,86,19,27,313
200977,127,125,133,318
200978,100,157,237,237
200979,11,61,113,173
200980,77,70,137,259
200981,43,89,113,198
200982,76,0,30,8
200983,16,50,82,133
200984,68,46,29,173
200985,51,35,106,292
200986,59,64,141,321
200987,3,18,104,344
200989,0,44,96,187
200990,78,54,82,137
200991,131,337,227,142
200992,232,178,91,218
200993,214,247,332,222
200994,61,49,120,238
200995,33,68,105,395
200996,58,46,65,242
200997,232,159,96,73
200998,57,124,197,169
200999,36,43,67,283
201000,134,352,480,379
201002,58,38,123,391
201004,240,87,104,381
201007,10,20,70,263
201008,23,91,20,249
201009,53,12,33,426
201010,12,11,104,329
201011,22,18,55,219
201012,25,46,42,190
201013,63,11,29,183
201014,63,72,76,228
201015,88,65,94,333
201017,81,14,163,270
201018,44,0,176,196
201019,84,81,188,273
201020,44,33,48,126
201021,49,13,35,189
201022,0,109,69,344
201023,22,40,153,315
201024,59,69,61,379
201025,0,0,61,165
201026,16,57,22,298
201027,137,144,83,0
201028,358,334,64,22
201030,41,23,88,441
201031,18,54,73,556
201032,69,74,81,381
201033,185,52,177,578
201034,19,37,126,231
201035,30,80,116,324
201036,69,117,112,684
201037,12,59,88,291
201038,50,64,46,409
201039,67,77,46,77
201040,298,9,88,69
201041,0,57,129,535
201042,93,226,155,209
201043,171,215,252,505
201044,45,96,75,88
201046,107,106,343,388
201047,46,37,167,242
201048,36,207,141,524
201049,100,215,75,311
201050,215,111,232,95
201051,203,114,139,138
201052,72,94,143,298
201053,100,51,58,314
201054,21,85,113,263
201055,66,17,43,127
201056,83,40,110,326
201057,28,76,149,336
201058,72,106,209,475
201059,80,40,108,222
201060,86,30,52,252
201061,108,71,65,333
201062,184,157,149,748
201063,24,37,22,234
201064,106,121,184,721
201065,48,79,67,318
201066,0,99,22,145
201068,67,111,39,218
201069,31,22,33,284
201070,13,28,45,191
201071,79,128,74,471
201072,75,122,123,243
201073,6,54,89,7
201074,231,100,302,403
201075,1,13,11,83
201076,58,43,171,453
201077,29,49,17,18
201078,29,48,17,18
201079,62,84,184,354
201080,28,37,82,159
201081,22,30,67,129
201082,70,71,109,214
201083,144,147,224,442
201084,4,5,7,14
201085,0,0,0,4
201086,46,26,24,11
201087,13,33,36,28
201088,4,2,3,4
201089,2,1,1,2
201090,47,13,33,82
201091,58,16,40,100
201092,55,30,3,55
201093,51,63,74,326
300001,8,16,110,215
300002,117,63,149,71
300003,110,130,246,265
300004,11,0,0,4
300005,106,18,43,53
300006,230,99,114,47
300007,94,37,0,29
300008,385,207,114,81
300009,10,69,105,133
300010,149,45,73,117
300011,17,41,115,184
300012,126,135,40,115
300013,127,36,151,22
300014,95,85,140,99
300015,142,104,163,181
300016,134,107,37,0
300017,79,81,30,0
300018,98,34,43,117
300019,51,51,143,174
300020,70,58,64,243
300021,16,56,37,386
300022,119,62,46,0
300023,260,130,88,103
300024,910,535,325,164
300025,267,19,0,9
300026,15,27,71,440
300027,110,92,25,12
300028,365,173,92,45
300029,57,86,158,235
300030,42,41,78,318
300031,30,60,59,185
300032,130,189,126,59
300033,14,15,32,98
300034,45,131,159,313
300035,28,7,58,177
300036,249,191,282,200
300037,0,43,37,269
300038,199,37,53,58
300039,34,38,132,297
300040,10,146,149,465
300041,175,196,284,362
300042,66,66,37,22
300043,226,121,39,38
300044,286,329,320,406
300046,112,233,116,118
300047,133,165,208,230
300048,39,19,37,67
300049,0,0,0,0
300050,91,145,58,196
300051,158,115,42,61
300052,57,101,108,41
300053,54,114,142,129
300054,38,85,32,190
300055,157,145,20,30
300056,157,102,79,66
300057,31,39,66,46
300058,242,224,122,93
300059,80,167,151,127
300060,68,43,124,82
300061,594,246,125,100
300062,314,209,242,553
300063,138,90,97,76
300064,67,398,170,66
300065,149,201,99,298
300066,355,165,57,44
300067,41,105,88,141
300068,35,50,137,220
300069,62,113,135,74
300070,31,99,79,102
300071,238,165,99,0
300072,297,83,68,9
300073,261,168,96,135
300074,135,139,56,0
300075,223,85,84,70
300076,89,46,95,78
300077,85,174,105,89
300078,63,61,80,84
300079,96,90,86,34
300080,141,220,94,204
300081,82,224,138,147
300082,35,11,143,155
300083,37,50,24,111
300084,38,95,201,140
300085,70,43,27,298
300086,58,161,91,500
300087,41,41,146,13
300088,175,344,257,286
300089,416,368,23,0
300090,296,73,241,11
300092,0,45,37,21
300093,141,58,126,128
300094,181,30,92,58
300095,158,176,138,283
300096,174,377,297,188
300097,469,213,55,119
300098,172,251,93,45
300099,258,187,21,62
300100,401,14,42,12
300101,153,12,62,212
300102,10,0,104,208
300103,174,79,111,81
300104,364,112,65,63
300105,12,0,0,158
300106,230,176,142,99
300107,289,327,519,963
300108,287,183,228,92
300109,200,193,145,228
300110,8,81,57,108
300111,234,105,52,62
300112,331,104,97,51
300113,34,111,82,233
300114,9,25,88,148
300115,307,265,146,215
300116,230,35,52,49
300118,136,306,171,201
300119,53,123,115,130
300120,82,110,130,267
300121,32,82,130,92
300122,20,41,66,315
300123,141,124,117,180
300124,58,142,115,663
300125,15,15,29,201
300126,177,153,105,90
300127,145,170,189,31
300128,340,241,85,46
300129,70,119,221,580
300130,83,48,58,92
300131,104,94,136,106
300132,310,157,177,527
300133,155,161,200,127
300134,123,113,83,51
300135,51,156,80,248
300136,136,66,70,0
300137,57,81,70,58
300138,44,99,63,51
300139,152,120,31,34
300140,0,9,179,254
300141,26,32,37,154
300142,169,242,189,27
300143,65,166,130,194
300144,137,68,106,333
300145,69,146,164,118
300146,205,149,111,21
300147,124,231,49,70
300148,73,34,109,0
300149,350,110,49,48
300150,208,172,166,213
300151,46,61,70,88
300153,41,65,108,111
300154,69,134,136,131
300155,214,160,121,73
300156,70,189,29,18
300157,126,100,58,0
300158,249,227,176,92
300159,103,95,88,48
300160,90,158,50,38
300161,266,242,65,44
300162,96,156,93,95
300163,196,167,78,28
300164,127,39,64,118
300165,219,227,47,55
300166,87,41,18,51
300167,102,32,76,53
300168,13,76,31,216
300169,10,42,70,129
300170,197,170,49,9
300171,12,126,224,404
300172,35,22,128,669
300173,89,188,91,19
300174,209,61,38,20
300175,71,109,48,153
300176,155,139,149,225
300177,166,174,141,57
300178,153,190,168,197
300179,114,168,137,82
300180,86,0,170,569
300181,27,167,161,630
300182,174,91,82,89
300183,131,217,278,233
300184,114,103,67,50
300185,90,52,117,273
300186,189,172,313,394
300187,0,11,63,230
300188,233,66,0,15
300189,215,161,161,165
300190,146,175,24,44
300191,92,131,83,10
300192,189,105,53,0
300193,49,45,118,109
300194,131,57,78,22
300195,168,102,55,15
300196,98,29,37,18
300197,257,227,116,59
300198,125,91,121,196
300199,165,160,204,150
300200,65,111,108,50
300201,82,111,160,372
300202,288,269,111,79
300203,214,112,99,117
300204,38,43,66,172
300205,35,63,134,246
300206,252,89,52,44
300207,13,64,59,255
300208,37,36,200,484
300209,39,96,355,627
300210,86,218,165,456
300211,175,331,210,189
300212,150,332,415,197
300213,221,176,47,33
300214,93,100,71,40
300215,169,345,258,203
300216,12,54,111,43
300217,11,94,75,701
300218,65,149,78,736
300219,24,10,0,91
300220,201,163,153,318
300221,289,164,81,89
300222,154,61,86,52
300223,234,63,104,49
300224,62,78,79,43
300225,126,37,68,46
300226,94,38,86,14
300227,44,0,105,167
300228,92,70,61,10
300229,92,153,39,21
300231,77,119,48,0
300232,245,0,30,0
300233,59,101,72,135
300234,213,69,128,104
300235,185,68,27,34
300236,73,101,27,0
300237,286,79,116,48
300238,201,106,131,7
300239,619,82,49,9
300240,58,44,63,51
300241,126,113,11,42
300242,68,46,77,42
300243,66,70,94,211
300244,71,32,43,249
300245,108,98,228,318
300246,70,82,180,544
300247,18,37,107,190
300248,88,126,107,351
300249,269,183,182,84
300250,148,90,51,0
300251,70,148,28,38
300252,165,88,58,42
300253,155,78,81,82
300254,147,144,87,28
300255,81,78,60,46
300256,120,169,270,219
300257,80,89,210,247
300258,26,46,109,64
300259,60,56,100,151
300260,34,51,96,394
300261,51,117,39,120
300262,29,57,92,460
300263,53,192,135,214
300264,22,72,61,153
300265,99,164,176,73
300266,78,134,115,247
300267,97,56,224,98
300268,124,129,45,33
300269,53,61,176,469
300270,137,208,41,44
300271,201,26,255,225
300272,303,192,219,132
300273,205,230,226,61
300274,106,54,72,217
300275,77,36,23,66
300276,57,72,34,36
300277,98,324,241,192
300279,28,80,139,65
300280,370,440,181,58
300281,321,187,179,64
300282,188,152,73,15
300283,302,221,300,444
300284,222,210,42,21
300286,98,53,59,46
300287,153,188,120,29
300288,114,172,59,64
300289,115,89,67,46
300290,72,151,224,152
300291,41,84,81,215
300292,56,80,40,134
300293,36,60,25,76
300295,61,107,144,135
300296,55,146,218,408
300297,104,126,254,645
300298,86,90,70,135
300299,139,155,142,0
300300,120,78,83,76
300301,33,111,81,492
300302,84,143,94,132
300303,54,157,82,46
300304,131,56,30,0
300305,63,150,75,9
300306,80,145,9,137
300307,7,118,142,285
300308,163,128,197,164
300309,108,146,135,56
300310,154,196,192,334
300311,246,226,58,8
300312,84,120,43,72
300313,77,159,292,383
300314,60,133,151,259
300315,28,28,6,90
300316,85,120,19,29
300317,277,193,65,71
300318,220,271,449,288
300319,194,151,208,296
300320,100,153,145,205
300321,59,69,161,31
300322,135,103,174,130
300323,191,249,276,116
300324,60,24,34,126
300325,159,367,251,36
300326,88,93,24,57
300327,309,448,356,61
300328,97,59,107,83
300329,83,144,159,84
300330,83,72,170,227
300331,324,87,63,47
300332,168,152,173,209
300333,196,98,162,246
300334,418,297,40,14
300335,18,88,132,172
300336,0,0,0,0
300337,81,90,196,232
300338,106,218,329,280
300339,241,37,91,146
300340,145,116,54,89
300341,0,0,29,131
300342,17,20,13,19
300343,314,187,53,25
300344,20,17,15,180
300345,44,72,37,41
300346,73,30,99,63
300347,183,330,103,31
300348,98,101,88,133
300349,85,27,77,139
300350,166,256,211,137
300351,267,43,43,119
300352,13,74,25,60
300353,20,36,73,374
300354,67,181,67,0
300355,244,58,64,35
300356,29,83,131,194
300357,74,30,18,368
300358,20,28,53,207
300359,0,31,51,131
300360,10,51,58,157
300361,12,49,84,396
300362,0,33,68,302
300363,13,82,141,260
300364,70,191,173,161
300365,20,40,90,735
300366,82,103,77,550
300367,16,62,41,69
300368,28,32,152,105
300369,178,156,158,57
300370,105,181,95,23
300371,108,114,92,124
300372,57,117,98,0
300373,170,32,94,135
300374,159,64,138,58
300375,59,54,26,172
300376,382,91,142,178
300377,71,96,61,30
300378,449,106,11,0
300379,0,49,28,386
300380,93,229,245,233
300381,257,86,196,179
300382,228,298,473,167
300383,11,11,43,275
300384,121,20,59,81
300385,33,89,85,632
300386,91,242,278,290
300387,87,105,106,162
300388,40,232,143,509
300389,68,206,194,215
300390,317,290,206,25
300391,44,92,85,559
300392,42,63,98,302
300393,54,83,269,619
300394,217,134,52,132
300395,181,159,33,73
300396,33,0,42,366
300397,116,132,283,1135
300398,168,265,350,595
300399,104,91,139,307
300400,88,87,130,388
300401,133,120,234,306
300402,293,332,238,55
300403,36,69,157,657
300404,40,27,47,166
300405,74,67,181,250
300406,144,15,173,270
300407,38,86,72,231
300408,25,46,37,297
300409,64,156,246,468
300410,49,201,201,367
300411,57,43,60,181
300412,24,14,79,238
300413,111,46,97,621
300414,27,91,91,528
300417,137,176,309,797
300418,148,142,22,0
300419,291,138,15,64
300420,84,145,82,41
300421,128,82,213,53
300422,160,172,247,192
300423,170,133,242,289
300424,69,25,57,428
300425,143,115,44,139
300426,135,64,168,295
300427,26,75,116,155
300428,28,89,203,236
300429,90,37,106,162
300430,98,78,161,477
300431,33,143,95,91
300432,32,40,92,260
300433,51,109,43,59
300434,48,27,51,507
300435,29,77,118,493
300436,0,53,55,791
300437,387,319,111,97
300438,89,57,99,375
300439,48,109,59,538
300440,0,41,243,430
300441,314,57,31,28
300442,135,97,50,47
300443,63,103,118,216
300444,34,1,41,156
300445,30,81,0,317
300446,0,12,38,170
300447,51,125,202,78
300448,43,78,70,42
300449,44,42,50,108
300450,32,80,151,142
300451,59,72,47,144
300452,81,59,122,203
300453,154,192,282,61
300454,0,30,86,116
300455,32,127,232,397
300456,103,48,115,325
300457,34,89,244,271
300458,13,44,91,222
300459,157,95,72,0
300460,10,119,165,184
300461,77,296,557,391
300462,11,124,172,543
300463,0,0,92,210
300464,113,76,254,94
300465,9,29,0,0
300466,112,48,148,206
300467,12,32,59,294
300468,117,71,83,420
300469,215,103,83,158
300470,95,84,106,36
300471,67,96,54,159
300472,63,85,42,159
300473,534,122,135,44
300474,56,32,159,367
300475,0,0,0,0
300476,397,166,159,44
300477,170,69,68,56
300478,16,56,184,641
300480,52,25,52,27
300481,163,112,17,23
300482,28,118,160,446
300483,97,190,139,189
300484,21,35,32,299
300485,271,253,180,58
300487,43,195,215,334
300488,26,91,33,69
300489,88,95,92,415
300490,25,77,67,131
300491,0,57,114,105
300493,95,44,91,68
300494,124,99,159,58
300495,142,120,139,94
300496,25,69,81,112
300497,28,98,186,275
300498,26,22,134,101
300499,40,108,55,98
300501,47,85,31,31
300502,207,106,171,131
300503,35,153,62,192
300504,182,94,332,238
300505,10,0,0,10
300506,55,9,0,147
300507,101,108,423,877
300508,18,49,107,122
300509,0,1,3,2
300510,64,255,151,164
300512,109,95,126,46
300514,144,158,91,118
300515,65,104,186,195
300516,0,75,77,303
300517,98,152,150,273
300518,36,67,79,87
300519,316,217,250,231
300520,87,268,204,151
300521,141,69,100,48
300522,180,171,85,26
300523,132,236,103,68
300525,97,16,122,85
300527,115,72,194,421
300528,108,129,169,53
300530,33,16,52,308
300531,10,96,60,137
300532,94,95,62,272
300533,10,41,26,148
300535,152,58,15,50
300536,167,201,151,77
300537,45,90,86,298
300538,41,115,26,80
300539,132,85,155,238
300540,315,285,161,167
300541,285,120,95,78
300542,91,75,109,115
300543,184,195,302,206
300544,326,312,288,187
300545,41,160,49,50
300546,148,125,411,166
300547,173,120,106,273
300548,0,37,12,248
300549,83,104,87,568
300550,105,139,44,92
300551,65,182,134,252
300552,187,177,111,67
300553,86,71,20,92
300554,89,127,75,210
300555,74,160,176,99
300556,151,289,165,191
300557,125,116,140,180
300558,113,65,155,386
300559,9,55,40,122
300560,0,0,0,0
300561,166,262,80,93
300562,143,54,116,31
300563,45,28,29,160
300564,253,324,293,230
300565,51,48,58,222
300566,68,18,83,28
300567,19,58,57,383
300568,100,134,299,286
300569,37,124,58,154
300570,25,125,96,238
300571,185,141,156,139
300572,411,50,0,17
300573,20,34,52,133
300574,12,86,41,382
300575,27,37,20,34
300576,111,45,215,336
300577,60,87,131,217
300578,72,40,41,427
300579,60,81,87,306
300580,1,20,67,347
300581,75,72,120,323
300582,33,39,74,119
300583,96,119,329,404
300584,9,45,132,56
300586,164,96,101,223
300587,228,52,75,255
300588,17,40,76,260
300589,80,101,118,18
300590,15,32,98,157
300591,51,135,84,97
300592,137,282,203,174
300593,13,121,77,111
300594,0,21,97,730
300595,62,44,68,182
300596,63,86,122,441
300597,0,9,17,298
300598,66,64,63,55
300599,86,80,119,195
300600,39,170,151,192
300601,116,93,89,228
300602,154,171,80,315
300603,11,50,77,342
300604,27,14,122,514
300605,206,220,219,358
300606,258,65,64,206
300607,251,212,232,247
300609,94,16,51,60
300610,63,16,103,290
300611,24,37,54,150
300612,84,118,50,27
300613,70,69,77,100
300614,38,29,92,107
300615,41,61,67,137
300616,30,84,123,209
300617,235,289,325,210
300618,255,163,366,262
300619,59,143,143,158
300620,179,228,242,99
300621,183,101,21,34
300622,57,28,51,75
300623,39,25,0,411
300624,88,91,9,28
300625,15,40,0,316
300626,55,39,169,631
300627,270,275,134,139
300628,44,39,63,152
300629,63,130,161,38
300630,154,104,107,108
300631,69,65,161,89
300632,94,75,105,293
300633,112,219,209,399
300634,23,10,0,193
300635,91,138,78,73
300637,37,48,111,155
300638,0,83,163,226
300639,0,103,73,274
300640,89,154,149,133
300641,81,59,123,360
300642,189,215,155,97
300643,72,95,313,594
300644,111,147,224,98
300645,110,115,133,305
300646,83,189,203,258
300647,69,76,189,644
300648,11,44,25,172
300649,334,215,145,422
300650,36,34,81,441
300651,42,18,15,187
300652,32,52,101,363
300653,72,30,145,253
300654,22,23,76,388
300655,26,9,38,210
300656,31,25,69,115
300657,185,146,25,0
300658,71,105,143,123
300659,70,76,195,226
300660,225,157,44,11
300661,0,0,0,0
300662,29,0,126,298
300663,51,90,71,222
300664,0,51,39,231
300665,94,70,122,155
300666,150,311,156,151
300667,241,182,200,83
300668,86,59,46,72
300669,58,137,97,362
300670,343,78,57,27
300671,123,179,100,114
300672,249,260,345,62
300673,15,83,38,192
300674,38,133,150,203
300675,99,198,130,120
300676,15,147,50,193
300677,12,33,95,71
300678,24,97,69,253
300679,0,0,0,0
300680,67,51,164,785
300681,57,134,316,347
300682,124,78,205,190
300683,0,20,54,136
300684,70,90,73,221
300685,83,93,154,475
300686,38,39,49,153
300687,39,57,111,192
300688,90,120,63,316
300689,74,97,172,451
300690,22,144,188,252
300691,261,111,146,53
300693,681,197,124,89
300695,94,222,44,142
300696,25,21,59,108
300697,132,116,50,90
300698,71,69,77,242
300699,106,114,90,226
300700,171,233,153,123
300701,491,351,193,174
300702,48,81,78,121
300703,191,177,91,94
300704,255,80,166,249
300705,199,137,221,428
300706,36,98,114,308
300707,48,27,162,106
300708,0,16,20,214
300709,32,10,71,210
300710,160,94,69,102
300711,73,30,47,132
300712,454,127,117,96
300713,99,33,74,58
300714,105,117,85,92
300715,117,34,108,68
300716,145,99,93,73
300717,101,91,38,88
300718,111,182,96,131
300719,221,135,134,126
300720,26,48,62,174
300721,145,204,197,216
300722,38,11,14,212
300723,53,98,91,86
300724,21,94,137,92
300725,118,197,229,323
300726,320,248,337,160
300727,33,79,89,116
300728,18,176,159,275
300729,57,129,152,70
300730,34,98,148,388
300731,13,87,82,736
300732,16,35,111,329
300733,224,119,147,629
300734,18,22,70,665
300735,11,87,250,468
300736,59,98,219,434
300737,41,111,150,351
300738,362,313,163,111
300739,107,133,21,18
300740,178,182,131,116
300741,84,237,308,256
300742,299,618,444,406
300743,196,245,278,168
300744,242,207,229,85
300745,86,107,81,112
300746,83,273,209,206
300747,226,344,267,85
300748,248,149,91,173
300749,77,47,73,193
300750,52,7,6,222
300751,167,29,140,10
300752,219,294,238,269
300753,76,43,123,46
300754,163,142,38,26
300755,64,138,121,197
300756,124,220,76,95
300757,91,61,121,79
300758,192,352,253,55
300759,31,69,40,269
300760,50,94,54,179
300761,245,122,93,116
300762,114,152,78,142
300763,43,32,245,107
300764,56,92,108,337
300765,122,90,18,97
300766,201,77,81,14
300767,0,70,72,351
300768,91,139,160,320
300769,25,80,43,46
300770,179,127,73,9
300771,128,288,122,135
300772,66,42,73,77
300773,53,54,41,37
300774,73,64,85,22
300775,136,63,253,80
300776,37,112,66,54
300777,72,133,226,201
300778,43,79,159,173
300779,52,33,71,505
300780,22,80,52,205
300781,76,30,192,490
300782,282,164,253,523
300783,0,0,33,427
300784,32,23,75,309
300785,0,0,0,0
300786,23,81,83,152
300787,6,83,131,112
300788,101,126,189,237
300789,242,160,141,81
300790,211,149,67,39
300791,165,65,68,54
300792,86,112,41,47
300793,198,222,19,36
300794,37,68,69,391
300795,0,121,77,190
300796,0,0,0,0
300797,111,140,74,2
300798,41,47,11,164
300799,56,86,71,95
300800,110,83,88,99
300801,28,48,32,233
300802,47,103,77,194
300803,19,28,44,158
300804,209,78,25,12
300805,117,94,107,53
300806,179,19,128,65
300807,24,40,112,224
300808,49,74,133,245
300809,50,45,131,189
300810,49,131,237,421
300811,57,94,146,124
300813,208,102,35,50
300814,112,88,63,132
300815,107,57,123,268
300816,121,191,17,60
300817,342,143,48,12
300819,75,146,59,0
300820,234,59,23,25
300821,223,129,60,0
300822,71,93,85,45
300823,14,19,49,342
300824,81,112,120,261
300825,153,156,258,31
300826,33,66,90,265
300827,31,64,79,61
300828,67,81,166,121
300829,13,0,47,384
300830,123,40,60,119
300831,81,152,189,127
300832,143,286,170,138
300833,114,66,76,529
300834,314,43,16,16
300835,383,231,73,24
300836,111,114,96,226
300837,86,47,87,177
300838,85,81,96,67
300839,119,158,366,539
300840,39,51,156,359
300841,277,145,137,52
300842,67,51,181,190
300843,58,28,156,186
300844,41,20,91,270
300845,140,154,140,57
300846,245,59,214,278
300847,51,26,44,78
300848,336,147,158,6
300849,263,164,112,170
300850,122,64,14,15
300851,21,160,44,7
300852,101,72,161,100
300853,142,65,32,0
300854,190,93,77,40
300855,81,229,487,370
300856,244,138,114,53
300857,158,106,34,55
300858,134,100,72,0
300859,65,206,284,488
300860,54,93,157,94
300861,143,88,80,40
300862,168,23,195,223
300863,76,82,28,193
300864,36,161,93,180
300865,93,115,219,158
300866,380,128,73,0
300867,98,102,77,66
300868,102,193,22,73
300870,25,143,173,77
300872,36,98,94,89
300873,174,79,114,82
300875,60,157,224,148
300876,227,224,102,71
300877,54,33,105,217
300878,87,14,16,41
300879,44,17,76,89
300880,67,131,300,164
300881,383,335,142,72
300882,40,126,41,38
300883,6,75,76,51
300884,354,303,243,91
300885,7,23,37,481
300886,17,63,78,271
300887,107,149,198,13
300888,204,66,134,111
300889,52,222,194,349
300890,88,118,161,46
300891,132,137,177,48
300892,95,269,133,351
300893,68,55,187,519
300894,51,147,131,197
300895,120,66,71,94
300896,137,88,71,12
300897,206,197,253,162
300898,46,53,13,169
300899,319,98,64,6
300900,148,155,84,191
300901,68,88,123,41
300902,56,23,83,115
300903,89,248,145,230
300904,84,60,87,136
300905,91,99,123,475
300906,13,55,35,81
300907,59,129,264,56
300908,197,228,173,73
300909,93,204,51,66
300911,36,18,87,187
300912,50,26,113,217
300913,145,139,161,194
300914,71,69,152,92
300915,130,259,0,19
300916,80,50,89,105
300917,32,59,58,256
300918,243,129,33,92
300919,66,34,171,41
300920,26,41,127,167
300921,19,22,211,231
300922,178,187,130,86
300923,147,150,75,100
300924,48,129,140,138
300925,236,114,133,702
300926,57,81,39,51
300927,319,177,50,13
300928,491,175,77,68
300929,59,127,137,79
300930,153,102,286,43
300931,130,285,98,88
300932,78,119,122,138
300933,40,21,62,118
300934,112,116,97,141
300935,81,60,94,195
300936,63,128,64,192
300937,79,83,105,196
300938,82,58,94,48
300939,175,204,166,129
300940,168,170,94,63
300941,23,35,51,189
300943,21,6,16,37
300944,20,44,79,199
300945,82,98,56,213
300946,51,102,82,131
300947,84,35,85,155
300948,65,44,17,110
300949,126,141,66,59
300950,61,68,123,160
300951,112,68,138,50
300952,4,125,87,75
300953,38,92,57,202
300954,14,60,38,238
300955,320,59,64,0
300956,54,49,128,168
300957,170,58,26,18
300958,170,72,131,41
300959,34,79,74,331
300960,11,11,41,279
300961,160,118,82,161
300962,110,86,37,213
300963,162,226,73,7
300964,79,60,41,185
300966,201,234,143,116
300967,124,264,258,332
300968,58,47,124,101
300969,11,0,37,212
300970,38,61,160,565
300972,38,70,88,117
300973,0,105,90,177
300974,81,140,80,15
300975,87,117,232,198
300976,14,180,72,226
300977,102,107,76,65
300978,121,67,55,78
300979,26,45,82,68
300980,260,262,145,193
300981,97,69,185,214
300982,220,214,233,163
300983,254,398,103,204
300984,85,147,238,260
300985,48,94,105,189
300986,30,65,29,78
300987,138,263,289,245
300988,483,94,42,25
300989,99,29,45,11
300990,219,154,74,20
300991,169,139,77,108
300992,32,80,103,233
300994,62,44,42,284
300996,51,84,129,36
300997,18,18,63,116
300998,290,227,216,79
300999,135,113,63,99
301000,156,29,112,19
301001,63,52,58,16
301002,133,81,122,66
301003,164,113,50,86
301004,176,99,124,48
301005,77,135,74,103
301006,76,239,104,251
301007,244,141,62,30
301008,164,82,46,46
301009,70,52,65,15
301010,144,101,107,257
301011,45,48,108,247
301012,59,157,116,0
301013,29,34,79,471
301014,57,143,116,133
301015,65,35,128,493
301016,192,54,103,5
301017,206,34,149,163
301018,256,74,75,13
301019,180,130,14,49
301020,19,42,73,289
301021,80,146,162,324
301022,41,30,74,197
301023,170,50,4,22
301024,58,76,60,290
301025,30,142,103,207
301026,201,349,184,191
301027,40,96,316,322
301028,67,34,92,356
301029,43,45,74,148
301030,125,41,51,25
301031,231,79,52,25
301032,96,138,68,85
301033,93,83,89,40
301034,102,55,49,27
301035,293,92,129,88
301036,182,229,125,50
301037,252,46,87,37
301038,92,47,36,38
301039,330,164,45,41
301040,170,72,55,48
301041,113,135,247,550
301042,159,152,233,156
301043,109,56,55,180
301044,59,19,73,288
301045,40,34,69,194
301046,115,36,97,96
301047,285,127,131,94
301048,171,98,22,26
301049,7,0,14,48
301050,35,10,28,63
301051,85,25,68,154
301053,31,38,23,36
301054,64,61,120,824
301055,26,29,61,184
301056,2,5,13,15
301057,7,5,39,29
301058,83,33,33,27
301059,177,54,36,3
301060,8,0,0,4
301061,24,19,54,101
301062,57,29,49,87
301063,18,32,30,47
301064,9,11,6,10
301065,9,10,7,10
301066,16,20,12,18
301068,87,73,64,91
301069,50,27,15,11
301070,115,61,20,19
301071,117,62,20,19
301072,124,69,19,5
301073,55,39,62,32
301074,52,46,61,15
301075,18,18,14,12
301076,23,23,18,16
301077,30,31,23,21
301078,81,74,10,16
301079,64,11,34,40
301080,33,42,71,49
301081,24,18,4,19
301082,32,44,19,10
301084,94,84,8,31
301085,56,50,5,19
301086,34,16,7,20
301087,38,12,29,20
301088,8,24,87,146
301089,72,76,26,96
301090,184,208,89,232
301091,34,43,24,38
301092,149,128,53,16
301093,151,47,21,21
301094,169,53,23,23
301095,9,14,22,80
301096,59,80,45,75
301097,22,40,64,117
301098,60,27,18,50
301099,77,47,95,34
301100,36,38,31,46
301101,33,13,56,65
301102,133,193,129,60
301103,142,75,68,72
301104,23,39,16,48
301105,19,31,13,39
301106,17,11,7,73
301107,7,19,15,18
301108,68,49,158,648
301109,0,1,2,2
301110,0,1,3,2
301111,0,8,18,13
301112,12,33,53,78
301113,14,41,61,160
301114,16,66,43,72
301115,0,2,5,21
301116,29,47,84,88
301117,48,53,30,40
301118,3,2,10,31
301119,89,60,106,376
301120,48,129,286,325
301121,1,3,11,38
301122,19,13,108,79
301123,25,17,142,104
301124,70,47,79,43
301125,24,27,59,70
301126,1,0,2,6
301127,2,0,3,12
301128,7,0,13,44
301129,3,0,6,21
301130,15,38,24,28
301131,3,15,11,32
301132,3,5,7,24
400001,88,148,266,528
400002,133,65,296,415
400003,59,108,106,21
400004,274,208,161,36
400005,117,118,123,87
400006,118,133,72,113
400007,263,79,53,0
400008,335,180,212,187
400009,158,63,88,515
400010,166,151,141,403
400011,333,323,142,85
400012,243,249,256,293
400013,109,162,321,288
400014,94,111,147,157
400015,115,255,265,194
400016,51,40,99,188
400017,65,37,134,190
400018,96,196,115,327
400019,61,93,114,545
400020,41,62,109,407
400021,100,104,241,532
400022,35,140,67,603
400023,58,37,111,771
400024,99,102,196,556
400025,35,103,73,440
400026,120,173,247,250
400027,15,22,67,387
400028,21,62,99,194
400029,48,88,139,165
400030,220,70,98,93
400031,301,139,77,23
400032,94,123,266,372
400033,186,98,35,16
400034,64,114,141,807
400035,95,184,413,725
400036,31,79,123,83
400037,0,15,58,126
400038,54,63,130,422
400039,98,175,440,243
400040,208,123,106,194
400041,0,131,226,68
400042,29,33,48,38
400043,138,106,76,61
400044,66,104,147,131
400045,201,140,123,117
400046,71,53,120,69
400047,350,359,426,113
400048,14,89,24,148
400049,327,263,481,979
400051,92,183,79,262
400052,55,206,179,580
400053,51,141,117,377
400054,14,68,191,949
400055,102,203,238,813
400056,51,49,120,598
400057,18,0,92,177
400058,21,116,123,658
400060,188,83,141,143
400061,114,165,92,133
400062,321,120,156,210
400063,22,78,125,559
400064,255,98,110,301
400065,81,83,99,135
400066,0,17,149,249
400067,77,67,64,90
400068,302,180,206,71
400069,180,251,148,122
400070,187,189,157,225
400071,79,79,95,173
400072,0,30,127,266
400073,56,34,188,1500
400074,14,0,72,901
400075,18,54,84,476
400076,26,23,38,303
400077,5,79,104,531
400078,27,0,31,538
400079,42,188,164,58
400080,155,244,195,338
400081,175,31,71,28
400082,67,49,244,100
400083,246,176,207,262
400084,23,118,35,478
400085,174,177,103,37
400086,47,28,166,100
400087,458,285,295,73
400088,28,79,73,144
400089,147,52,116,495
400090,14,34,72,207
400091,129,111,122,265
400092,43,98,76,114
400093,227,332,209,483
400094,19,90,100,78
400095,33,14,71,290
400096,85,138,111,366
400097,51,81,63,186
400098,76,47,36,80
400099,0,19,26,161
400100,90,112,138,185
400101,187,145,74,117
400102,98,115,164,358
400103,104,109,132,191
400104,68,163,105,583
400105,45,128,440,523
400106,117,103,290,398
400107,203,308,215,286
400108,175,195,184,166
400109,91,231,291,575
400110,0,121,117,281
400111,150,204,321,181
400112,25,89,339,246
400113,219,133,146,223
400114,207,131,212,150
400115,43,62,181,121
400116,12,11,108,301
400117,15,38,171,286
400118,0,35,58,378
400119,60,150,130,212
400120,82,93,97,294
400121,134,125,259,252
400122,127,61,297,700
400123,154,328,304,468
400124,263,150,206,173
400125,97,224,68,14
400126,33,176,334,672
400127,221,163,265,298
400128,155,113,160,94
400129,35,116,258,634
400130,113,197,216,393
400131,363,308,294,51
400132,167,260,239,168
400133,170,142,210,196
400134,184,197,365,339
400135,24,69,60,739
400136,196,78,282,743
400137,179,143,251,392
400138,0,38,78,305
400139,170,75,151,574
400140,54,75,18,26
400141,183,189,186,74
400142,218,452,175,28
400143,84,299,287,438
400144,0,8,12,31
400145,232,262,299,285
400146,485,239,348,141
400147,252,336,204,68
400149,272,377,214,147
400150,117,279,102,63
400151,417,307,141,95
400152,125,151,246,537
400153,41,76,149,827
400154,127,162,205,779
400155,323,135,65,39
400156,99,153,13,757
400157,25,24,88,402
400158,0,12,25,217
400159,16,0,53,449
400160,192,53,0,0
400161,32,47,112,286
400162,155,149,90,270
400163,50,62,129,426
400164,52,31,106,384
400165,11,59,64,348
400166,0,25,100,504
400167,69,109,113,473
400168,65,71,105,509
400169,194,75,225,213
400170,222,53,24,0
400171,45,117,138,329
400172,7,17,56,204
400173,453,154,181,68
400174,102,345,46,192
400175,107,134,120,303
400176,25,65,82,131
400177,558,423,187,179
400178,49,87,286,202
400179,231,250,44,0
400180,82,166,300,297
400181,85,245,134,108
400182,87,88,70,220
400183,321,82,47,0
400184,74,238,92,104
400185,64,36,16,328
400186,205,119,82,268
400187,42,21,89,168
400188,156,68,62,60
400189,225,234,122,23
400190,26,84,70,72
400191,126,23,79,125
400192,52,68,69,71
400193,83,132,111,130
400194,124,91,155,206
400195,346,508,608,513
400196,62,189,134,270
400197,12,88,142,287
400198,30,93,207,136
400199,33,24,272,337
400200,50,138,145,282
400201,346,276,57,0
400202,67,135,300,193
400203,0,56,122,258
400204,189,329,615,1202
400205,110,113,255,501
400206,100,85,178,189
400207,47,196,223,497
400208,96,125,268,642
400209,136,150,131,343
400210,11,145,98,589
400211,235,152,276,515
400212,204,140,294,1460
400213,257,244,98,0
400214,29,129,140,168
400215,0,42,30,10
400216,79,95,212,182
400217,157,431,413,776
400218,80,151,85,23
400219,163,87,234,61
400220,219,222,124,88
400221,15,55,40,163
400222,207,206,273,163
400223,129,97,57,524
400224,128,351,249,404
400225,125,130,151,467
400226,114,63,85,334
400227,102,120,221,135
400228,40,96,23,53
400229,188,85,183,144
400230,39,112,134,88
400231,23,79,107,92
400232,54,40,159,600
400233,95,45,105,228
400234,111,218,392,341
400235,305,269,103,345
400236,27,37,121,501
400237,181,125,154,0
400238,83,148,177,201
400239,0,106,31,85
400240,0,27,7,176
400241,42,38,182,774
400242,54,28,119,199
400243,44,68,98,185
400244,50,81,98,516
400245,99,104,91,169
400246,30,0,80,23
400247,37,123,179,324
400248,95,177,87,58
400249,185,90,120,40
400250,292,229,499,660
400251,334,427,107,17
400252,135,31,47,29
400253,165,629,312,235
400254,275,268,195,386
400255,33,42,111,23
400256,24,26,64,77
400257,20,36,55,180
400258,29,50,93,273
400259,34,138,225,267
400260,337,119,86,37
400261,35,23,41,149
400262,189,117,281,301
400263,139,101,182,132
400264,43,116,53,126
400265,0,84,57,337
400266,68,94,92,50
400267,101,199,156,36
400268,87,127,34,0
400269,91,202,154,39
400270,82,54,116,89
400271,281,239,209,31
400272,335,251,80,90
400273,72,18,66,417
400274,117,134,313,1082
400275,75,125,98,567
400276,12,19,15,186
400277,22,67,51,293
400278,72,10,71,367
400280,75,96,87,920
400281,17,99,38,688
400282,44,8,51,435
400283,16,66,81,287
400284,31,76,66,231
400285,63,13,66,623
400286,35,184,175,362
400287,140,131,297,396
400288,127,182,177,315
400289,0,86,56,91
400290,107,154,161,179
400291,121,136,139,551
400292,25,80,65,423
400293,56,69,190,483
400294,65,97,158,463
400295,27,20,42,225
400296,38,56,40,195
400297,25,71,62,254
400298,96,169,211,144
400299,90,221,136,95
400300,281,64,148,107
400301,81,96,212,174
400302,92,58,65,90
400303,83,70,59,55
400304,99,149,72,55
400305,34,63,22,256
400306,49,84,68,293
400307,10,60,103,319
400308,54,19,190,354
400310,0,6,60,172
400311,43,183,227,220
400312,97,79,180,243
400313,12,22,38,211
400314,221,286,206,284
400315,24,17,62,187
400316,38,18,112,214
400317,0,14,23,219
400318,37,50,78,173
400319,40,91,140,115
400320,29,64,26,115
400321,41,64,198,158
400322,420,435,442,496
400324,47,111,209,255
400325,282,118,154,24
400326,111,70,106,47
400327,48,178,81,59
400328,79,239,82,144
400329,306,113,104,0
400330,114,170,153,58
400331,26,76,140,51
400332,107,168,157,47
400333,288,185,197,77
400334,23,60,93,178
400335,17,4,59,284
400336,0,41,39,153
400338,39,128,105,103
400339,80,153,40,126
400340,29,101,109,49
400341,331,338,240,125
400342,245,156,156,102
400343,76,79,188,216
400345,47,39,113,159
400346,67,49,77,232
400347,31,74,47,255
400348,0,100,117,90
400349,50,71,68,72
400350,33,50,103,186
400351,51,79,173,119
400352,62,120,0,33
400353,276,80,84,32
400354,125,298,17,30
400355,74,147,194,133
400356,91,139,22,75
400357,400,130,102,0
400358,78,124,234,210
400359,205,39,92,82
400360,30,171,255,119
400361,381,143,39,40
400362,17,406,184,86
400363,99,151,82,62
400364,77,78,89,237
400365,31,199,143,152
400366,197,143,94,0
400367,84,206,92,94
400368,28,49,79,138
400369,43,94,70,190
400370,199,191,172,154
400371,63,60,76,203
400372,164,79,321,243
400373,143,136,53,79
400374,86,13,128,88
400375,72,111,63,96
400376,65,120,93,31
400377,36,47,75,85
400378,67,124,79,24
400379,8,194,217,98
400380,53,77,111,85
400381,46,69,16,98
400382,127,79,129,129
400383,70,29,142,21
400384,58,72,74,69
400385,142,122,190,259
400386,129,23,86,0
400387,102,109,101,36
400388,132,139,151,79
400389,184,105,65,94
400390,209,34,89,62
400391,380,153,164,54
400392,16,111,111,152
400393,111,109,47,74
400394,64,81,200,317
400395,54,17,118,128
400396,18,61,55,144
400397,179,254,180,219
400398,24,0,32,131
400399,70,111,180,358
400400,14,89,43,166
400401,27,19,32,392
400402,0,71,71,428
400403,6,56,87,164
400404,108,131,21,9
400405,184,89,111,35
400406,201,115,68,90
400407,160,150,168,94
400408,112,232,116,39
400409,153,91,59,57
400410,83,167,38,18
400411,100,107,66,48
400412,138,85,100,41
400413,192,77,104,73
400414,237,163,124,94
400415,420,371,93,102
400416,116,249,148,155
400417,61,87,92,206
400418,112,322,236,135
400419,251,599,456,729
400420,64,99,104,120
400421,124,62,95,247
400422,28,50,102,149
400423,0,56,105,101
400424,72,230,335,234
400425,16,348,115,149
400426,23,137,126,522
400427,221,88,195,244
400428,22,33,44,302
400429,72,57,275,490
400430,67,174,365,389
400431,0,49,61,506
400432,312,53,12,25
400433,260,135,39,16
400434,229,30,121,41
400435,366,153,72,23
400436,78,121,68,33
400437,85,64,60,68
400438,208,29,22,9
400439,135,85,158,357
400440,196,176,75,6
400441,113,71,66,100
400442,86,156,130,132
400443,228,343,134,63
400444,182,240,205,11
400445,197,146,191,117
400446,108,116,130,103
400447,33,65,15,142
400448,31,118,125,175
400449,54,89,85,143
400450,15,136,83,236
400451,149,100,206,204
400452,146,162,189,60
400453,23,51,113,293
400454,30,69,61,242
400455,30,81,116,319
400456,57,22,107,124
400457,25,68,149,278
400458,132,150,114,25
400459,130,118,77,6
400460,170,457,562,572
400461,118,157,55,55
400462,248,183,140,77
400464,191,259,107,137
400465,53,124,108,170
400466,27,142,137,246
400467,174,242,48,39
400468,188,267,119,61
400469,61,203,68,39
400470,74,244,269,206
400471,453,303,226,216
400472,107,53,138,530
400473,42,14,144,245
400474,30,116,93,83
400475,73,164,177,91
400476,11,140,180,199
400477,51,60,86,160
400478,208,263,204,246
400479,30,0,162,274
400480,30,28,66,249
400481,73,182,15,79
400482,249,104,146,26
400483,121,26,76,128
400484,377,131,247,12
400485,174,196,216,37
400486,268,119,117,130
400487,72,184,263,370
400488,302,129,136,34
400489,68,289,92,152
400490,69,203,161,107
400491,0,81,95,118
400492,30,81,94,65
400493,83,185,153,147
400494,305,110,137,192
400495,64,57,156,163
400496,23,125,76,254
400497,39,100,183,326
400498,103,129,44,15
400499,219,137,67,53
400500,189,231,190,169
400501,25,102,65,91
400502,120,75,146,212
400503,153,207,94,190
400504,28,7,41,77
400505,0,19,38,202
400506,115,85,370,344
400507,550,303,299,247
400508,40,141,113,149
400509,150,277,156,130
400510,110,190,298,326
400511,152,108,206,32
400513,102,129,97,130
400514,112,122,137,77
400515,129,68,90,163
400516,94,18,59,97
400517,182,316,205,76
400520,32,99,74,135
400521,122,70,133,17
400522,44,71,159,467
400523,60,126,271,558
400524,49,98,152,362
400525,119,40,124,306
400526,99,57,179,408
400527,107,96,194,321
400528,14,38,0,199
400529,53,40,125,179
400530,58,196,68,267
400531,61,83,35,51
400532,88,123,231,334
400533,48,79,104,426
400534,15,18,70,228
400535,27,81,87,133
400537,175,171,82,75
400538,0,82,50,121
400539,163,137,356,393
400540,60,42,209,181
400542,150,71,104,95
400543,66,121,63,174
400544,89,183,93,5
400545,126,78,94,124
400546,87,89,56,91
400547,63,84,121,36
400548,72,74,48,72
400550,74,95,89,104
400551,310,240,132,101
400552,0,61,149,187
400553,45,179,93,476
400554,178,294,368,332
400555,0,83,149,316
400556,0,0,75,282
400557,105,54,182,359
400558,33,98,49,159
400559,8,103,41,274
400560,147,109,255,170
400561,128,124,171,153
400562,41,107,162,129
400563,68,136,234,194
400564,36,38,88,131
400565,48,114,176,24
400566,28,106,137,51
400567,39,164,190,444
400568,57,48,62,14
400569,57,126,177,121
400570,224,231,71,116
400571,241,272,304,286
400572,151,76,0,33
400574,94,22,138,142
400575,65,71,107,62
400576,19,17,124,138
400577,43,50,108,240
400578,34,69,160,176
400579,68,47,140,64
400580,280,152,235,216
400581,144,188,74,71
400582,332,181,165,177
400583,75,128,96,82
400584,103,130,145,161
400585,36,21,72,113
400586,88,150,179,274
400587,58,255,96,305
400588,17,71,91,403
400589,120,125,114,19
400590,0,53,30,216
400591,30,45,78,454
400592,64,91,109,268
400593,28,87,70,167
400594,150,176,75,105
400595,247,153,149,195
400596,75,47,103,45
400597,58,91,134,148
400598,77,132,46,111
400599,79,220,61,63
400600,88,289,285,174
400601,160,209,130,238
400603,59,90,177,59
400604,30,28,64,73
400605,184,340,218,156
400607,40,135,153,267
400608,110,180,129,327
400609,72,207,214,302
400610,139,150,239,249
400611,140,69,84,245
400612,14,48,0,202
400613,110,111,62,314
400614,88,147,134,189
400615,39,66,126,381
400616,29,36,100,283
400617,83,164,136,253
400619,45,66,120,530
400620,101,86,165,112
400621,112,72,48,470
400622,28,55,41,197
400623,82,97,142,372
400624,63,21,60,239
400625,65,104,168,428
400626,30,0,28,150
400627,18,58,75,369
400628,8,15,22,185
400629,135,63,31,555
400630,38,66,133,358
400631,85,71,84,50
400632,83,64,207,136
400633,100,97,120,188
400634,62,125,156,285
400636,122,22,67,170
400637,20,33,78,119
400638,0,4,9,79
400639,0,5,11,93
400640,43,97,76,114
400641,21,12,73,43
500001,76,109,98,109
500002,60,141,250,215
500003,54,172,87,288
500004,24,69,37,134
500005,130,235,215,435
500006,16,25,154,213
500007,102,91,215,478
500008,0,47,150,344
500009,47,134,155,63
500010,209,87,146,79
500011,26,160,153,122
500012,212,100,224,35
500013,16,94,8,255
500014,0,83,102,119
500015,23,77,168,199
500017,248,112,139,127
500018,88,136,132,161
500019,177,232,157,56
500020,0,17,56,210
500021,92,275,264,245
500022,68,142,41,39
500023,48,100,142,317
500024,46,32,30,264
500025,19,80,72,299
500026,96,157,71,183
500027,84,76,124,212
500028,272,224,232,299
500029,203,425,157,363
500032,77,167,111,59
500033,92,243,190,35
500034,151,116,157,101
500035,90,183,82,256
500036,172,379,100,40
500037,21,51,81,194
500038,68,395,270,438
500039,38,72,226,330
500040,183,376,238,91
500041,16,30,89,203
500042,50,141,190,98
500043,19,39,142,3
500044,355,65,207,244
500045,31,137,164,236
500046,29,67,56,178
500047,54,39,132,31
500048,8,267,186,124
500049,58,88,273,259
500050,20,76,124,183
500051,169,72,79,115
500052,53,36,150,282
500053,164,243,287,96
500054,127,159,31,88
500055,80,64,202,146
500056,56,111,288,137
500057,149,159,139,21
500058,82,94,68,83
500059,59,70,209,0
500060,111,274,138,12
500061,94,19,41,0
500062,0,34,56,105
500063,594,668,382,199
500064,44,68,147,292
500065,20,96,171,135
500066,42,163,87,74
500067,25,85,280,420
500068,204,137,54,37
500069,115,103,129,125
500070,113,105,149,16
500071,90,73,151,36
500073,41,237,177,117
500074,130,119,122,62
500075,27,56,135,276
500076,22,106,163,49
500077,9,102,117,202
500078,0,35,151,282
500079,35,48,125,285
500080,282,286,143,58
500081,57,115,108,0
500082,29,66,160,47
500083,121,142,165,222
500084,193,123,69,52
500085,48,47,146,427
500086,236,296,216,106
500087,191,202,143,88
500088,10,158,66,86
500089,46,28,76,72
500090,52,157,93,58
500091,95,323,214,336
500093,58,101,161,142
500094,142,169,180,57
500096,7,8,21,229
500098,0,0,85,157
500100,73,91,197,264
500101,0,25,122,222
500102,59,168,110,206
500103,64,41,44,207
500104,116,79,93,161
500105,212,138,225,124
500106,70,107,344,299
500107,43,150,198,0
500108,47,36,181,344
500109,8,161,221,251
500110,73,176,87,122
500111,0,11,0,0
500112,77,154,105,0
500113,0,28,62,8
500114,0,0,0,0
500115,23,44,55,194
500116,4,113,193,214
500117,161,230,27,23
500119,64,211,493,557
500120,44,37,137,155
500121,28,67,89,277
500122,249,210,271,182
500123,124,140,297,382
500124,55,76,242,216
500125,161,156,79,11
500126,129,150,169,109
500127,50,72,113,73
500128,158,146,149,88
500129,695,135,40,63
500130,282,112,18,37
500131,65,124,86,19
500132,76,119,101,118
500133,57,50,195,314
500134,9,45,190,450
500135,39,149,94,249
500136,0,14,19,35
500138,0,40,111,339
500140,285,217,378,103
500141,145,47,136,135
500142,203,65,22,19
500143,105,56,103,19
500144,108,119,65,30
500145,62,89,55,71
500146,148,186,124,54
500147,92,93,117,132
500148,135,19,59,131
500149,110,58,174,101
500150,251,223,162,156
500151,182,277,166,119
500152,61,89,47,68
500153,148,165,88,42
500154,68,179,248,189
500155,38,104,125,111
500156,56,138,86,67
500157,29,156,217,272
500158,247,241,213,75
500159,89,75,199,67
500160,100,96,59,37
500161,112,281,204,66
500162,97,40,145,124
500163,55,136,129,72
500164,100,90,100,84
500165,226,184,177,107
500166,227,77,185,68
500167,75,107,108,86
500168,103,168,152,58
500169,116,98,173,116
500170,198,136,168,123
500171,21,69,125,83
500172,137,115,163,37
500173,8,46,72,57
500174,42,150,146,202
500175,19,257,101,212
500176,255,129,73,26
500177,33,32,35,434
500178,304,198,114,47
500179,25,34,143,155
500180,130,226,158,184
500181,61,147,70,152
500182,114,157,278,579
500183,0,30,42,176
500184,15,183,273,643
500185,149,72,99,51
500186,7,59,77,38
500187,172,155,108,101
500188,41,181,120,145
500189,235,122,49,114
500190,89,82,200,524
500191,62,149,236,132
500192,47,77,141,85
500193,57,36,74,74
500194,118,66,125,35
500195,15,34,89,174
500196,0,0,0,0
500197,7,47,41,332
500198,560,367,151,52
500199,77,269,263,395
500200,122,241,410,318
500202,35,48,82,49
500203,31,60,74,107
500204,173,229,256,147
500205,38,265,199,131
500206,60,204,279,377
500207,114,278,153,177
500208,124,51,109,130
500209,57,54,112,57
500210,56,142,125,142
500211,153,164,108,87
500212,45,36,103,78
500213,64,95,111,93
500214,172,95,124,48
500215,142,41,122,29
500216,28,71,270,184
500217,149,155,98,92
500218,28,195,462,452
500219,12,33,63,76
500220,101,171,197,69
500222,55,217,125,61
500223,127,91,100,39
500225,105,251,72,48
500226,154,123,101,41
500227,72,99,87,37
500228,213,125,138,168
500229,98,137,162,80
500230,14,157,243,212
500231,111,93,188,124
500232,65,92,157,122
500233,264,60,22,11
500234,26,0,91,242
500235,11,174,80,242
500237,87,98,63,18
500238,258,188,112,82
500239,108,49,104,18
500240,143,113,76,9
500241,47,127,134,163
500243,28,72,80,61
500244,265,343,186,54
500245,84,81,126,70
500246,367,139,233,47
500247,336,127,131,74
500248,215,163,90,61
500249,38,32,77,204
500250,23,32,137,339
500251,81,95,117,135
500252,51,43,119,437
500253,48,118,304,273
500255,43,56,232,206
500256,25,32,46,342
500257,45,53,48,377
500258,133,215,102,17
500259,75,51,88,57
500260,451,465,272,91
500263,249,229,250,42
500264,128,77,84,88
500265,9,64,47,104
500266,0,0,0,0
500267,303,356,289,243
500268,86,69,128,191
500269,31,110,59,404
500270,285,167,225,101
500271,164,111,123,109
500272,22,77,10,243
500273,57,59,101,279
500274,65,54,20,227
500275,61,47,115,189
500276,58,126,134,240
500277,42,14,183,147
500278,87,148,261,219
500279,63,75,117,81
500280,111,317,45,88
500281,209,195,281,279
500282,35,59,154,359
500283,21,74,49,126
500284,60,161,100,137
500285,135,287,165,41
500286,157,185,150,127
500287,44,39,210,523
600001,197,189,237,237
600002,49,15,75,161
600003,27,48,75,374
600004,139,204,180,116
600005,0,54,101,170
600006,8,56,70,115
600007,68,65,111,81
600008,9,28,52,139
600009,30,71,122,41
600010,17,69,84,157
600011,63,96,85,107
600012,55,3,42,88
600013,48,85,37,79
600014,56,160,70,100
600015,331,335,277,298
600017,174,131,115,13
600018,111,92,87,159
600019,119,162,199,190
600020,64,72,83,292
600021,168,427,236,396
600022,0,0,0,0
600023,64,9,86,127
600024,264,240,160,143
600025,52,101,146,215
600026,124,136,120,413
600027,69,97,96,378
600028,103,235,160,113
600029,35,51,60,15
600030,101,98,55,207
600032,86,208,32,70
600033,169,153,38,60
600034,261,252,337,271
600035,134,47,29,0
600036,205,28,33,29
600037,82,83,145,123
600038,27,123,143,84
600039,44,213,135,265
600040,98,80,136,44
600041,174,99,28,40
600042,234,309,275,418
600044,29,49,43,54
600045,82,32,131,129
600046,75,74,93,189
600047,71,67,107,225
600048,31,78,63,164
600049,135,205,196,11
600050,14,103,127,157
600051,109,233,107,42
600052,82,203,165,0
600053,262,181,296,184
600054,178,221,126,104
600055,99,185,117,113
600056,212,513,419,372
600058,107,161,75,79
600059,180,53,148,244
600060,29,142,82,192
600061,315,109,221,189
600062,204,107,412,126
600064,64,59,57,259
600066,51,36,128,211
600067,140,275,47,67
600068,45,17,57,62
600069,156,181,81,103
600070,44,39,62,87
600071,37,240,30,69
600072,131,71,123,56
600073,19,38,146,170
600075,41,125,91,319
600076,73,86,108,226
600077,44,53,42,188
600078,28,0,166,113
600079,289,52,154,190
600080,60,147,133,441
600081,67,19,63,172
600082,87,75,99,130
600083,491,211,298,207
600084,65,16,87,96
600085,75,142,105,169
600086,132,89,69,129
600087,46,67,123,220
600088,19,54,99,131
600089,83,13,144,285
600090,4,39,16,61
600091,29,91,198,242
600092,20,37,160,199
600093,59,177,141,396
600094,161,132,132,126
600095,78,127,113,151
600096,180,141,72,101
600097,0,21,0,55
600098,0,72,30,110
600099,22,59,69,110
600100,146,235,51,215
600101,75,148,199,353
600102,75,128,64,131
600103,69,81,55,126
600105,24,163,160,117
600106,310,299,194,365
600107,6,49,21,76
700001,180,152,345,279
700002,152,6,86,23
700003,508,327,242,114
700005,47,76,38,99
700006,83,65,60,81
700007,61,89,52,43
700008,127,177,129,83
700009,176,177,284,396
700010,185,31,132,64
700011,33,164,150,150
700012,29,119,85,298
700013,106,120,205,328
700014,102,0,94,153
700015,20,70,29,136
700016,53,127,116,168
700017,111,213,238,456
700019,168,201,100,97
700020,136,118,65,212
700021,69,102,144,168
700022,84,182,166,78
700023,92,52,103,33
700024,97,362,161,96
700025,278,543,323,506
700026,136,132,233,88
700027,142,159,144,155
700028,127,132,53,35
700029,41,143,465,208
700030,483,361,348,310
700031,250,294,207,100
700032,48,165,100,61
700033,37,46,47,121
700034,95,215,98,160
700035,58,54,142,214
700037,110,84,16,56
700038,100,98,45,75
700039,38,88,96,14
700040,255,412,535,521
700041,186,161,68,0
700042,24,201,44,142
700043,120,203,222,197
700044,33,53,275,143
700045,26,114,126,147
700046,83,277,216,36
700047,85,101,46,125
700048,110,196,154,254
700049,83,197,188,154
700050,191,252,110,159
700051,25,57,189,126
700052,50,66,60,109
700053,91,348,70,70
700054,100,271,135,146
700055,33,88,42,103
700056,106,124,43,48
700057,78,113,111,69
700058,53,206,76,198
700059,139,140,125,186
700060,173,81,72,40
700061,62,115,144,9
700062,73,206,196,147
700063,120,69,70,84
700064,89,84,38,20
700065,543,549,516,417
700068,0,11,191,296
700069,153,163,52,28
700070,145,103,9,145
700071,150,224,119,59
700072,103,85,126,263
700073,37,179,199,330
700074,71,68,127,440
700075,140,160,140,222
700076,257,265,181,125
700077,163,102,143,105
700078,89,69,99,21
700079,70,136,99,137
700080,106,75,104,162
700081,260,185,274,263
700082,273,341,235,246
700083,55,77,52,70
700084,210,73,156,101
700085,33,105,81,21
700086,133,271,30,85
700087,29,86,51,70
700088,130,138,213,105
700089,107,140,309,251
700090,144,153,357,387
700091,88,254,201,89
700092,179,223,428,244
700093,138,143,191,154
700094,51,103,82,157
700095,23,44,45,122
700097,39,193,92,119
700098,93,59,68,21
700099,208,39,95,16
700100,319,115,102,33
700101,137,103,73,48
700102,158,57,73,13
700103,156,229,185,117
700105,6,84,187,102
700106,0,49,40,104
700107,63,107,125,145
700108,86,135,148,138
700109,314,210,177,81
700110,295,375,315,280
700111,118,74,51,57
700112,137,69,65,58
700113,20,118,97,253
700114,90,46,135,283
700115,168,209,57,95
700116,198,357,335,334
700117,112,73,89,161
700121,10,113,121,177
700122,112,288,169,299
700123,0,65,151,115
700124,218,169,49,28
700125,193,167,63,61
700126,143,152,184,133
700127,59,94,79,189
700128,165,138,142,59
700129,16,84,76,71
700130,146,181,205,139
700131,24,85,47,73
700132,103,37,188,66
700133,78,210,59,152
700134,38,37,67,174
700135,133,57,88,39
700136,11,42,127,89
700137,372,249,232,69
700138,195,57,92,47
700139,296,181,32,92
700140,508,218,119,18
700141,153,141,101,52
700142,116,191,138,66
700143,60,73,52,12
700144,32,108,102,22
700145,111,119,35,143
700146,134,86,80,131
700147,0,23,23,192
700148,73,100,91,61
700149,11,102,184,49
700150,224,231,77,37
700151,173,95,79,37
700155,140,80,119,177
700156,64,60,90,89
700157,155,136,94,169
700158,121,113,119,187
700160,63,84,33,136
700161,63,51,130,82
700162,188,267,226,42
700163,47,25,91,249
700164,138,108,166,190
700165,75,50,68,71
700167,287,360,110,105
700168,180,64,115,94
700169,81,101,66,55
700170,201,158,250,206
700171,118,121,80,91
700172,145,69,53,134
700173,83,181,119,182
700174,28,31,55,220
700175,187,109,118,132
700176,50,72,153,78
700177,142,93,116,84
700178,30,78,72,100
700179,119,127,95,98
700180,47,37,155,134
700181,70,121,212,184
700182,34,191,95,186
700183,47,119,109,200
700184,52,85,73,89
700185,44,151,164,137
700186,69,58,92,139
700187,54,54,158,229
700190,201,201,76,55
700191,76,120,148,60
700192,86,17,71,89
700193,31,48,147,122
700195,32,35,140,258
700196,63,42,110,62
700197,203,198,224,61
700198,135,68,131,175
700199,67,98,88,79
700201,95,118,83,120
700202,68,27,163,132
700203,61,105,80,97
700204,166,23,131,126
700205,23,131,214,252
700206,95,179,98,73
700207,167,183,110,120
700208,23,43,52,36
700209,11,80,27,158
700210,66,155,231,233
700211,71,12,80,197
700212,30,172,79,107
700213,333,77,88,141
700214,74,177,69,88
700216,220,56,74,100
700217,9,95,163,213
700218,207,147,202,101
700219,205,133,225,231
700220,328,200,110,0
700221,537,659,435,241
700222,40,92,118,17
700225,42,54,85,96
700226,33,44,105,86
700227,190,296,269,151
700228,0,31,271,217
700229,28,108,87,172
700230,43,70,39,85
700231,39,92,83,322
700232,38,0,0,40
700233,25,109,138,294
700234,21,11,25,95
700235,35,83,0,72
700236,91,196,121,22
700237,84,124,11,153
700238,132,274,174,72
700239,411,205,227,80
700240,82,152,40,168
700241,52,64,129,302
700242,65,79,76,377
700243,9,41,40,229
700244,77,91,117,142
700245,53,57,156,46
700246,55,72,200,247
700247,146,264,213,129
700248,52,33,101,101
700249,67,69,93,319
700250,248,233,176,151
700251,41,139,160,252
700252,240,182,256,572
700254,158,189,129,415
700255,238,238,236,201
700256,56,139,49,118
700259,57,68,273,194
700260,117,37,275,476
700261,50,83,108,594
700262,14,16,198,313
700263,138,333,205,89
700264,324,367,150,151
700265,155,176,105,148
700266,44,42,52,110
700267,115,272,157,156
700268,64,51,96,217
700269,184,196,204,241
700270,0,0,10,71
700271,22,58,88,197
700272,30,171,269,568
700273,269,153,207,180
700274,43,94,50,78
700276,21,43,67,192
700277,23,41,106,39
700278,283,62,94,111
700279,384,289,64,143
700280,224,268,112,125
700281,76,20,38,227
700282,484,231,180,12
700283,17,69,86,29
700284,258,197,164,51
700285,108,218,122,68
700287,164,181,33,18
700288,129,117,33,75
700289,30,81,59,223
700290,98,70,72,49
700291,133,401,161,331
700292,93,121,149,87
700293,146,182,209,115
700294,37,72,120,108
700295,89,171,103,164
700296,29,119,92,233
700297,47,45,28,123
700298,195,163,80,50
700299,152,105,0,41
700300,289,123,151,114
700301,238,253,575,671
700302,27,104,106,137
700303,68,139,228,262
700304,78,130,99,24
700305,26,102,25,69
700306,58,92,35,27
700307,16,117,93,154
700308,263,280,198,93
700309,137,134,196,110
700310,170,180,76,62
700311,16,30,135,111
700312,117,112,16,18
700313,26,67,46,77
700314,99,72,61,125
700315,53,217,198,68
700316,123,98,150,44
700317,20,23,92,77
700318,45,42,122,304
700319,181,98,157,280
700320,17,41,10,20
700321,99,169,177,596
700322,30,81,146,275
700323,199,222,52,0
700324,62,20,53,128
700325,16,22,37,181
700326,272,131,257,198
700330,133,150,150,165
700331,70,149,79,41
700332,68,57,87,116
700333,74,101,79,37
700334,255,173,147,89
700335,102,163,127,426
700337,34,12,39,118
700338,49,114,132,256
700339,82,71,89,78
700340,51,90,85,113
700341,50,37,131,123
700342,200,135,58,35
700343,148,182,270,22
700345,38,132,235,282
700346,251,96,203,169
700347,208,252,39,135
700348,268,268,199,218
700350,55,118,93,35
700351,38,89,133,101
700352,265,108,50,17
700353,30,71,150,49
700354,342,130,187,70
700355,164,108,102,133
700356,112,120,159,625
700357,122,166,80,357
700358,51,40,95,599
700359,45,126,289,381
700360,98,77,45,76
700361,10,50,125,193
700363,248,247,53,15
700364,146,154,190,71
700366,57,30,129,25
700367,150,111,108,150
700368,116,117,177,205
700369,20,9,126,135
700370,186,144,141,66
700371,67,74,106,124
700372,24,116,85,90
700373,105,114,172,19
700374,31,48,101,64
700375,113,70,70,91
700376,114,21,112,19
700377,347,738,692,755
700379,44,138,52,21
700380,64,75,90,134
700381,51,80,11,37
700382,145,255,271,78
700383,31,95,86,9
700384,67,80,114,191
700385,32,102,174,147
700386,113,205,123,168
700387,52,15,58,132
800001,202,129,114,65
800002,39,47,50,121
800003,11,10,31,318
800004,109,186,135,309
800005,170,31,57,315
800006,0,0,0,0
800007,212,176,157,485
800008,28,75,39,329
800009,279,190,302,410
800010,44,0,193,86
800011,104,65,119,366
800012,33,54,20,208
800013,27,39,73,369
800014,93,71,35,224
800015,45,0,9,216
800016,0,59,162,335
800017,11,171,72,270
800018,66,107,116,270
800019,15,0,52,138
800020,15,32,41,85
800021,45,26,87,222
800022,71,53,33,278
800023,11,46,111,120
800024,62,84,153,429
800025,58,125,188,506
800027,125,104,199,634
800028,14,151,40,510
800029,98,68,211,475
800030,163,125,123,118
800031,5,48,43,147
800032,287,310,316,248
800034,32,8,32,45
800035,74,140,93,120
800036,212,180,191,73
800037,37,49,88,224
800038,58,107,153,220
800039,126,259,151,439
800040,77,15,19,201
800041,92,54,70,249
800042,45,127,40,411
800043,45,48,134,446
800044,94,145,110,353
800045,54,92,135,254
800046,130,127,260,480
800047,66,72,72,383
800048,180,100,242,457
800049,90,134,117,398
800050,130,54,19,0
800051,82,76,157,455
800052,41,187,116,146
800053,26,23,115,163
800054,34,83,147,225
800055,68,150,135,409
800056,96,164,76,83
800057,26,28,67,319
800058,70,141,175,290
800059,83,54,49,321
800060,67,51,166,305
800061,60,113,177,398
800062,34,210,98,287
800063,56,134,30,170
800064,122,80,134,215
800065,0,139,142,261
800066,63,121,81,105
800067,248,55,85,250
800068,54,50,128,353
800069,225,156,289,244
800070,172,245,195,567
800071,237,299,262,224
800072,136,65,76,206
800073,73,58,142,201
800074,16,29,23,18
800075,45,104,83,145
800076,73,95,78,79
800077,19,134,30,110
800078,0,51,82,183
800079,19,22,43,115
800080,85,104,73,87
800081,54,34,106,147
800082,56,149,153,316
800084,179,130,134,322
800085,158,187,210,866
800086,171,110,177,321
800087,82,84,251,675
800088,17,36,56,118
800089,49,54,105,261
800090,148,188,223,385
800091,93,85,102,130
800092,250,213,351,242
800093,80,102,94,424
800094,326,375,314,182
800095,215,153,160,672
800096,152,101,228,223
800097,15,26,12,72
800098,108,130,177,238
800099,213,135,81,158
800100,60,34,75,306
800101,11,48,57,105
800103,29,31,13,176
800104,34,40,53,168
800105,33,50,121,344
800106,74,206,91,191
800107,234,201,129,126
800108,459,201,236,177
800109,392,272,141,0
800110,167,382,182,362
800111,6,16,0,2
800113,33,85,60,352
800114,76,129,100,412
800115,38,112,124,215
800116,104,54,112,245
800117,77,124,115,268
800118,0,0,106,220
800119,67,83,110,189
800120,218,63,123,203
800121,171,261,399,185
800122,69,62,117,117
800123,106,100,138,157
800124,85,147,112,420
800125,61,12,41,402
800126,66,115,103,479
800127,160,168,111,466
800128,247,62,77,162
800129,61,27,87,77
800130,68,83,114,502
800131,0,30,47,237
800132,0,39,17,121
800133,63,60,73,162
800134,110,133,92,216
800135,50,131,124,322
800136,135,83,95,121
800137,0,6,16,6
800138,42,0,102,109
800140,109,194,152,184
800141,121,181,151,319
800142,60,66,56,268
800143,25,15,27,193
800144,109,172,228,200
800145,45,91,96,203
800146,144,81,133,227
800147,102,66,108,357
800148,14,33,60,106
800149,196,135,82,277
800150,62,234,161,257
800151,112,221,66,231
800152,28,14,68,257
800153,101,46,43,160
800154,133,167,240,580
800155,24,29,20,91
800156,497,331,372,698
800158,57,68,35,336
800159,8,10,7,70
800160,60,104,127,481
800161,75,85,71,155
800163,53,57,129,211
800164,15,0,51,238
800165,95,100,74,61
800166,60,58,127,147
800167,102,91,108,210
800168,56,91,132,68
800169,90,86,107,155
800170,220,243,173,263
800171,34,38,112,161
800172,67,195,87,775
800173,209,322,172,241
800174,122,69,16,325
800175,107,254,188,225
800176,15,27,21,17
800177,21,19,39,113
800178,10,27,0,3
800180,24,31,22,217
800181,13,15,11,13
800182,38,32,34,13
800183,19,87,54,68
800184,132,121,144,183
800185,22,102,63,79
800186,40,44,87,217
800187,29,37,44,76
800188,31,66,100,213
800189,15,7,35,133
800190,7,7,17,28
800191,56,66,89,280
800192,26,18,40,39
800193,36,24,55,53
800194,4,6,14,39
800195,59,55,69,101
800196,106,171,246,126
800197,25,30,20,96
800198,29,51,10,52
800199,5,3,2,7
800200,37,40,120,172
800201,10,27,0,3
800202,27,76,0,9
800203,12,14,19,26
800204,67,81,110,147
800205,55,96,43,265
800206,8,23,26,44
800207,17,27,25,57
800208,5,24,29,54
800209,32,71,90,187
800210,24,15,17,21
